station_uuid,timestamp,e5,e10,diesel,e5_change,e10_change,diesel_change
51d4b6c8-a1e1-4c9b-8f2a-000000000001,2026-05-13T23:00:00,1.701,1.626,1.682,1,1,1
51d4b6c8-a1e1-4c9b-8f2a-000000000001,2026-05-14T02:21:12,1.742,1.667,1.724,1,1,1
51d4b6c8-a1e1-4c9b-8f2a-000000000001,2026-05-14T04:24:46,1.761,1.686,1.743,1,1,1
51d4b6c8-a1e1-4c9b-8f2a-000000000001,2026-05-14T07:30:10,1.77,1.695,1.747,1,1,1
51d4b6c8-a1e1-4c9b-8f2a-000000000001,2026-05-14T09:30:57,1.772,1.697,1.756,1,1,1
51d4b6c8-a1e1-4c9b-8f2a-000000000001,2026-05-14T12:11:20,1.773,1.698,1.756,0,0,0
51d4b6c8-a1e1-4c9b-8f2a-000000000001,2026-05-14T15:23:47,1.736,1.661,1.718,1,1,1
51d4b6c8-a1e1-4c9b-8f2a-000000000001,2026-05-14T18:30:02,1.714,1.639,1.69,1,1,1
51d4b6c8-a1e1-4c9b-8f2a-000000000001,2026-05-14T21:39:19,1.715,1.64,1.695,1,0,1
51d4b6c8-a1e1-4c9b-8f2a-000000000001,2026-05-15T00:07:15,1.745,1.67,1.73,1,1,1
51d4b6c8-a1e1-4c9b-8f2a-000000000001,2026-05-15T02:51:01,1.765,1.69,1.749,1,1,1
51d4b6c8-a1e1-4c9b-8f2a-000000000001,2026-05-15T06:04:07,1.791,1.716,1.77,1,1,1
51d4b6c8-a1e1-4c9b-8f2a-000000000001,2026-05-15T08:49:39,1.8,1.725,1.777,1,1,1
51d4b6c8-a1e1-4c9b-8f2a-000000000001,2026-05-15T12:22:46,1.781,1.706,1.762,1,1,1
51d4b6c8-a1e1-4c9b-8f2a-000000000001,2026-05-15T14:54:54,1.771,1.696,1.749,1,1,1
51d4b6c8-a1e1-4c9b-8f2a-000000000001,2026-05-15T17:42:23,1.737,1.662,1.718,1,1,1
51d4b6c8-a1e1-4c9b-8f2a-000000000001,2026-05-15T20:11:58,1.727,1.652,1.71,1,1,1
51d4b6c8-a1e1-4c9b-8f2a-000000000001,2026-05-15T22:38:18,1.73,1.655,1.71,1,1,0
51d4b6c8-a1e1-4c9b-8f2a-000000000001,2026-05-16T00:43:57,1.759,1.684,1.738,1,1,1
51d4b6c8-a1e1-4c9b-8f2a-000000000001,2026-05-16T03:29:44,1.772,1.697,1.75,1,1,1
51d4b6c8-a1e1-4c9b-8f2a-000000000001,2026-05-16T07:13:02,1.811,1.736,1.789,1,1,1
51d4b6c8-a1e1-4c9b-8f2a-000000000001,2026-05-16T10:29:57,1.803,1.728,1.784,1,1,1
51d4b6c8-a1e1-4c9b-8f2a-000000000001,2026-05-16T14:24:25,1.776,1.701,1.759,1,1,1
51d4b6c8-a1e1-4c9b-8f2a-000000000001,2026-05-16T18:08:52,1.749,1.674,1.726,1,1,1
51d4b6c8-a1e1-4c9b-8f2a-000000000001,2026-05-16T20:27:13,1.743,1.668,1.723,1,1,1
51d4b6c8-a1e1-4c9b-8f2a-000000000001,2026-05-16T23:06:07,1.767,1.692,1.744,1,1,1
51d4b6c8-a1e1-4c9b-8f2a-000000000001,2026-05-17T02:45:55,1.788,1.713,1.769,1,1,1
51d4b6c8-a1e1-4c9b-8f2a-000000000001,2026-05-17T05:44:14,1.812,1.737,1.786,1,1,1
51d4b6c8-a1e1-4c9b-8f2a-000000000001,2026-05-17T07:59:38,1.818,1.743,1.8,1,1,1
51d4b6c8-a1e1-4c9b-8f2a-000000000001,2026-05-17T10:25:03,1.811,1.736,1.789,1,1,1
51d4b6c8-a1e1-4c9b-8f2a-000000000001,2026-05-17T13:02:27,1.794,1.719,1.772,1,1,1
51d4b6c8-a1e1-4c9b-8f2a-000000000001,2026-05-17T15:29:25,1.773,1.698,1.752,1,1,1
51d4b6c8-a1e1-4c9b-8f2a-000000000001,2026-05-17T17:55:51,1.766,1.691,1.751,1,1,1
51d4b6c8-a1e1-4c9b-8f2a-000000000001,2026-05-17T20:04:21,1.749,1.674,1.727,1,1,1
51d4b6c8-a1e1-4c9b-8f2a-000000000001,2026-05-17T22:20:14,1.756,1.681,1.737,1,1,1
51d4b6c8-a1e1-4c9b-8f2a-000000000001,2026-05-18T00:43:05,1.75,1.675,1.732,1,1,1
51d4b6c8-a1e1-4c9b-8f2a-000000000001,2026-05-18T03:39:07,1.774,1.699,1.757,1,1,1
51d4b6c8-a1e1-4c9b-8f2a-000000000001,2026-05-18T06:19:50,1.803,1.728,1.785,1,1,1
51d4b6c8-a1e1-4c9b-8f2a-000000000001,2026-05-18T09:13:40,1.806,1.731,1.789,1,1,1
51d4b6c8-a1e1-4c9b-8f2a-000000000001,2026-05-18T12:57:02,1.802,1.727,1.785,1,1,1
51d4b6c8-a1e1-4c9b-8f2a-000000000001,2026-05-18T16:37:21,1.756,1.681,1.738,1,1,1
51d4b6c8-a1e1-4c9b-8f2a-000000000001,2026-05-18T19:03:00,1.748,1.673,1.729,1,1,1
51d4b6c8-a1e1-4c9b-8f2a-000000000001,2026-05-18T23:01:15,1.76,1.685,1.734,1,1,1
51d4b6c8-a1e1-4c9b-8f2a-000000000001,2026-05-19T03:00:42,1.775,1.7,1.753,1,1,1
51d4b6c8-a1e1-4c9b-8f2a-000000000001,2026-05-19T05:36:18,1.793,1.718,1.773,1,1,1
51d4b6c8-a1e1-4c9b-8f2a-000000000001,2026-05-19T08:46:24,1.805,1.73,1.784,1,1,1
51d4b6c8-a1e1-4c9b-8f2a-000000000001,2026-05-19T12:41:42,1.789,1.714,1.768,1,1,1
51d4b6c8-a1e1-4c9b-8f2a-000000000001,2026-05-19T14:56:05,1.768,1.693,1.752,1,1,1
51d4b6c8-a1e1-4c9b-8f2a-000000000001,2026-05-19T18:10:24,1.738,1.663,1.72,1,1,1
51d4b6c8-a1e1-4c9b-8f2a-000000000001,2026-05-19T21:36:21,1.726,1.651,1.709,1,1,1
51d4b6c8-a1e1-4c9b-8f2a-000000000001,2026-05-20T00:12:21,1.751,1.676,1.72,1,1,1
51d4b6c8-a1e1-4c9b-8f2a-000000000001,2026-05-20T04:11:53,1.782,1.707,1.765,1,1,1
51d4b6c8-a1e1-4c9b-8f2a-000000000001,2026-05-20T08:03:52,1.797,1.722,1.781,1,1,1
51d4b6c8-a1e1-4c9b-8f2a-000000000001,2026-05-20T11:28:18,1.803,1.728,1.782,1,1,1
51d4b6c8-a1e1-4c9b-8f2a-000000000001,2026-05-20T13:29:14,1.779,1.704,1.76,1,1,1
51d4b6c8-a1e1-4c9b-8f2a-000000000001,2026-05-20T15:43:05,1.76,1.685,1.74,1,1,1
51d4b6c8-a1e1-4c9b-8f2a-000000000001,2026-05-20T18:55:40,1.739,1.664,1.719,1,1,1
51d4b6c8-a1e1-4c9b-8f2a-000000000001,2026-05-20T22:44:18,1.748,1.673,1.73,1,1,1
51d4b6c8-a1e1-4c9b-8f2a-000000000001,2026-05-21T01:17:30,1.779,1.704,1.759,1,1,1
51d4b6c8-a1e1-4c9b-8f2a-000000000001,2026-05-21T04:23:42,1.811,1.736,1.791,1,1,1
51d4b6c8-a1e1-4c9b-8f2a-000000000001,2026-05-21T08:09:41,1.827,1.752,1.805,1,1,1
51d4b6c8-a1e1-4c9b-8f2a-000000000001,2026-05-21T10:24:58,1.83,1.755,1.807,1,1,1
51d4b6c8-a1e1-4c9b-8f2a-000000000001,2026-05-21T14:08:16,1.794,1.719,1.778,1,1,1
51d4b6c8-a1e1-4c9b-8f2a-000000000001,2026-05-21T17:54:21,1.772,1.697,1.75,1,1,1
51d4b6c8-a1e1-4c9b-8f2a-000000000001,2026-05-21T21:45:56,1.761,1.686,1.741,1,1,1
51d4b6c8-a1e1-4c9b-8f2a-000000000001,2026-05-22T01:14:20,1.813,1.738,1.79,1,1,1
51d4b6c8-a1e1-4c9b-8f2a-000000000001,2026-05-22T04:58:01,1.83,1.755,1.815,1,1,1
51d4b6c8-a1e1-4c9b-8f2a-000000000001,2026-05-22T08:41:03,1.856,1.781,1.833,1,1,1
51d4b6c8-a1e1-4c9b-8f2a-000000000001,2026-05-22T11:17:40,1.842,1.767,1.822,1,1,1
51d4b6c8-a1e1-4c9b-8f2a-000000000001,2026-05-22T15:01:24,1.812,1.737,1.796,1,1,1
51d4b6c8-a1e1-4c9b-8f2a-000000000001,2026-05-22T17:49:21,1.799,1.724,1.785,1,1,1
51d4b6c8-a1e1-4c9b-8f2a-000000000001,2026-05-22T20:10:47,1.794,1.719,1.775,1,1,1
51d4b6c8-a1e1-4c9b-8f2a-000000000001,2026-05-22T23:02:56,1.802,1.727,1.779,1,1,1
51d4b6c8-a1e1-4c9b-8f2a-000000000001,2026-05-23T02:12:07,1.836,1.761,1.816,1,1,1
51d4b6c8-a1e1-4c9b-8f2a-000000000001,2026-05-23T06:03:11,1.861,1.786,1.84,1,1,1
51d4b6c8-a1e1-4c9b-8f2a-000000000001,2026-05-23T08:11:35,1.864,1.789,1.846,1,1,1
51d4b6c8-a1e1-4c9b-8f2a-000000000001,2026-05-23T11:53:21,1.852,1.777,1.829,1,1,1
51d4b6c8-a1e1-4c9b-8f2a-000000000001,2026-05-23T14:28:50,1.823,1.748,1.807,1,1,1
51d4b6c8-a1e1-4c9b-8f2a-000000000001,2026-05-23T17:50:06,1.806,1.731,1.786,1,1,1
51d4b6c8-a1e1-4c9b-8f2a-000000000001,2026-05-23T20:24:32,1.794,1.719,1.772,1,1,1
51d4b6c8-a1e1-4c9b-8f2a-000000000001,2026-05-23T23:20:20,1.81,1.735,1.794,1,1,1
51d4b6c8-a1e1-4c9b-8f2a-000000000001,2026-05-24T01:40:42,1.819,1.744,1.799,1,1,1
51d4b6c8-a1e1-4c9b-8f2a-000000000001,2026-05-24T04:20:55,1.847,1.772,1.828,1,1,1
51d4b6c8-a1e1-4c9b-8f2a-000000000001,2026-05-24T06:23:51,1.86,1.785,1.841,1,1,1
51d4b6c8-a1e1-4c9b-8f2a-000000000001,2026-05-24T08:32:35,1.872,1.797,1.851,1,1,1
51d4b6c8-a1e1-4c9b-8f2a-000000000001,2026-05-24T11:01:52,1.863,1.788,1.843,1,1,1
51d4b6c8-a1e1-4c9b-8f2a-000000000001,2026-05-24T14:34:16,1.836,1.761,1.82,1,1,1
51d4b6c8-a1e1-4c9b-8f2a-000000000001,2026-05-24T16:40:18,1.818,1.743,1.795,1,1,1
51d4b6c8-a1e1-4c9b-8f2a-000000000001,2026-05-24T20:16:28,1.784,1.709,1.77,1,1,1
51d4b6c8-a1e1-4c9b-8f2a-000000000001,2026-05-24T23:29:59,1.796,1.721,1.776,1,1,1
51d4b6c8-a1e1-4c9b-8f2a-000000000001,2026-05-25T02:35:44,1.815,1.74,1.795,1,1,1
51d4b6c8-a1e1-4c9b-8f2a-000000000001,2026-05-25T05:52:15,1.84,1.765,1.819,1,1,1
51d4b6c8-a1e1-4c9b-8f2a-000000000001,2026-05-25T08:25:12,1.859,1.784,1.837,1,1,1
51d4b6c8-a1e1-4c9b-8f2a-000000000001,2026-05-25T10:41:48,1.853,1.778,1.829,1,1,1
51d4b6c8-a1e1-4c9b-8f2a-000000000001,2026-05-25T12:49:31,1.843,1.768,1.824,1,1,1
51d4b6c8-a1e1-4c9b-8f2a-000000000001,2026-05-25T16:38:06,1.805,1.73,1.78,1,1,1
51d4b6c8-a1e1-4c9b-8f2a-000000000001,2026-05-25T20:09:58,1.79,1.715,1.77,1,1,1
51d4b6c8-a1e1-4c9b-8f2a-000000000001,2026-05-26T00:04:23,1.788,1.713,1.765,1,1,1
51d4b6c8-a1e1-4c9b-8f2a-000000000001,2026-05-26T03:16:46,1.818,1.743,1.801,1,1,1
51d4b6c8-a1e1-4c9b-8f2a-000000000001,2026-05-26T06:38:16,1.839,1.764,1.822,1,1,1
51d4b6c8-a1e1-4c9b-8f2a-000000000001,2026-05-26T08:53:35,1.841,1.766,1.82,1,1,1
51d4b6c8-a1e1-4c9b-8f2a-000000000001,2026-05-26T12:10:43,1.822,1.747,1.803,1,1,1
51d4b6c8-a1e1-4c9b-8f2a-000000000001,2026-05-26T14:56:12,1.81,1.735,1.786,1,1,1
51d4b6c8-a1e1-4c9b-8f2a-000000000001,2026-05-26T18:36:02,1.78,1.705,1.76,1,1,1
51d4b6c8-a1e1-4c9b-8f2a-000000000001,2026-05-26T21:40:46,1.778,1.703,1.759,1,1,1
51d4b6c8-a1e1-4c9b-8f2a-000000000001,2026-05-27T01:11:16,1.798,1.723,1.779,1,1,1
51d4b6c8-a1e1-4c9b-8f2a-000000000001,2026-05-27T03:29:34,1.823,1.748,1.804,1,1,1
51d4b6c8-a1e1-4c9b-8f2a-000000000001,2026-05-27T07:01:35,1.842,1.767,1.819,1,1,1
51d4b6c8-a1e1-4c9b-8f2a-000000000001,2026-05-27T09:15:20,1.841,1.766,1.823,1,0,1
51d4b6c8-a1e1-4c9b-8f2a-000000000001,2026-05-27T12:36:37,1.829,1.754,1.812,1,1,1
51d4b6c8-a1e1-4c9b-8f2a-000000000001,2026-05-27T14:45:44,1.81,1.735,1.791,1,1,1
51d4b6c8-a1e1-4c9b-8f2a-000000000001,2026-05-27T17:57:47,1.793,1.718,1.772,1,1,1
51d4b6c8-a1e1-4c9b-8f2a-000000000001,2026-05-27T20:39:27,1.775,1.7,1.752,1,1,1
51d4b6c8-a1e1-4c9b-8f2a-000000000001,2026-05-28T00:18:08,1.809,1.734,1.788,1,1,1
51d4b6c8-a1e1-4c9b-8f2a-000000000001,2026-05-28T03:57:34,1.826,1.751,1.808,1,1,1
51d4b6c8-a1e1-4c9b-8f2a-000000000001,2026-05-28T07:34:33,1.85,1.775,1.83,1,1,1
51d4b6c8-a1e1-4c9b-8f2a-000000000001,2026-05-28T11:02:17,1.852,1.777,1.837,1,1,1
51d4b6c8-a1e1-4c9b-8f2a-000000000001,2026-05-28T13:31:32,1.828,1.753,1.807,1,1,1
51d4b6c8-a1e1-4c9b-8f2a-000000000001,2026-05-28T15:34:59,1.812,1.737,1.793,1,1,1
51d4b6c8-a1e1-4c9b-8f2a-000000000001,2026-05-28T19:20:37,1.787,1.712,1.768,1,1,1
51d4b6c8-a1e1-4c9b-8f2a-000000000001,2026-05-28T23:14:23,1.804,1.729,1.784,1,1,1
51d4b6c8-a1e1-4c9b-8f2a-000000000001,2026-05-29T02:31:54,1.834,1.759,1.813,1,1,1
51d4b6c8-a1e1-4c9b-8f2a-000000000001,2026-05-29T04:58:29,1.847,1.772,1.824,1,1,1
51d4b6c8-a1e1-4c9b-8f2a-000000000001,2026-05-29T07:49:33,1.864,1.789,1.848,1,1,1
51d4b6c8-a1e1-4c9b-8f2a-000000000001,2026-05-29T10:22:04,1.866,1.791,1.848,1,1,0
51d4b6c8-a1e1-4c9b-8f2a-000000000001,2026-05-29T13:53:31,1.845,1.77,1.829,1,1,1
51d4b6c8-a1e1-4c9b-8f2a-000000000001,2026-05-29T17:20:28,1.813,1.738,1.795,1,1,1
51d4b6c8-a1e1-4c9b-8f2a-000000000001,2026-05-29T19:47:46,1.811,1.736,1.791,1,1,1
51d4b6c8-a1e1-4c9b-8f2a-000000000001,2026-05-29T22:20:41,1.811,1.736,1.796,0,0,1
51d4b6c8-a1e1-4c9b-8f2a-000000000001,2026-05-30T01:19:36,1.841,1.766,1.819,1,1,1
51d4b6c8-a1e1-4c9b-8f2a-000000000001,2026-05-30T04:12:27,1.873,1.798,1.848,1,1,1
51d4b6c8-a1e1-4c9b-8f2a-000000000001,2026-05-30T07:00:32,1.888,1.813,1.867,1,1,1
51d4b6c8-a1e1-4c9b-8f2a-000000000001,2026-05-30T09:18:26,1.886,1.811,1.869,1,1,1
51d4b6c8-a1e1-4c9b-8f2a-000000000001,2026-05-30T12:31:12,1.874,1.799,1.858,1,1,1
51d4b6c8-a1e1-4c9b-8f2a-000000000001,2026-05-30T15:25:16,1.845,1.77,1.824,1,1,1
51d4b6c8-a1e1-4c9b-8f2a-000000000001,2026-05-30T18:38:25,1.827,1.752,1.806,1,1,1
51d4b6c8-a1e1-4c9b-8f2a-000000000001,2026-05-30T21:03:44,1.818,1.743,1.798,1,1,1
51d4b6c8-a1e1-4c9b-8f2a-000000000001,2026-05-30T23:57:48,1.829,1.754,1.811,1,1,1
51d4b6c8-a1e1-4c9b-8f2a-000000000001,2026-05-31T03:22:38,1.862,1.787,1.847,1,1,1
51d4b6c8-a1e1-4c9b-8f2a-000000000001,2026-05-31T06:37:38,1.889,1.814,1.868,1,1,1
51d4b6c8-a1e1-4c9b-8f2a-000000000001,2026-05-31T09:42:59,1.879,1.804,1.86,1,1,1
51d4b6c8-a1e1-4c9b-8f2a-000000000001,2026-05-31T12:19:54,1.867,1.792,1.846,1,1,1
51d4b6c8-a1e1-4c9b-8f2a-000000000001,2026-05-31T14:34:49,1.845,1.77,1.822,1,1,1
51d4b6c8-a1e1-4c9b-8f2a-000000000001,2026-05-31T16:44:29,1.83,1.755,1.811,1,1,1
51d4b6c8-a1e1-4c9b-8f2a-000000000001,2026-05-31T19:14:31,1.828,1.753,1.801,1,1,1
51d4b6c8-a1e1-4c9b-8f2a-000000000001,2026-05-31T23:14:28,1.829,1.754,1.81,0,1,1
51d4b6c8-a1e1-4c9b-8f2a-000000000001,2026-06-01T02:45:13,1.839,1.764,1.821,1,1,1
51d4b6c8-a1e1-4c9b-8f2a-000000000001,2026-06-01T06:01:24,1.874,1.799,1.856,1,1,1
51d4b6c8-a1e1-4c9b-8f2a-000000000001,2026-06-01T08:41:24,1.867,1.792,1.846,1,1,1
51d4b6c8-a1e1-4c9b-8f2a-000000000001,2026-06-01T12:34:49,1.85,1.775,1.829,1,1,1
51d4b6c8-a1e1-4c9b-8f2a-000000000001,2026-06-01T15:12:33,1.834,1.759,1.805,1,1,1
51d4b6c8-a1e1-4c9b-8f2a-000000000001,2026-06-01T18:31:29,1.8,1.725,1.781,1,1,1
51d4b6c8-a1e1-4c9b-8f2a-000000000001,2026-06-01T21:14:53,1.794,1.719,1.775,1,1,1
51d4b6c8-a1e1-4c9b-8f2a-000000000001,2026-06-02T01:06:13,1.812,1.737,1.791,1,1,1
51d4b6c8-a1e1-4c9b-8f2a-000000000001,2026-06-02T05:02:59,1.843,1.768,1.82,1,1,1
51d4b6c8-a1e1-4c9b-8f2a-000000000001,2026-06-02T07:14:10,1.857,1.782,1.835,1,1,1
51d4b6c8-a1e1-4c9b-8f2a-000000000001,2026-06-02T09:28:16,1.851,1.776,1.828,1,1,1
51d4b6c8-a1e1-4c9b-8f2a-000000000001,2026-06-02T13:08:26,1.83,1.755,1.814,1,1,1
51d4b6c8-a1e1-4c9b-8f2a-000000000001,2026-06-02T15:54:28,1.812,1.737,1.794,1,1,1
51d4b6c8-a1e1-4c9b-8f2a-000000000001,2026-06-02T19:29:16,1.793,1.718,1.771,1,1,1
51d4b6c8-a1e1-4c9b-8f2a-000000000001,2026-06-02T23:07:44,1.801,1.726,1.784,1,1,1
51d4b6c8-a1e1-4c9b-8f2a-000000000001,2026-06-03T01:25:34,1.809,1.734,1.792,1,1,1
51d4b6c8-a1e1-4c9b-8f2a-000000000001,2026-06-03T04:30:47,1.837,1.762,1.816,1,1,1
51d4b6c8-a1e1-4c9b-8f2a-000000000001,2026-06-03T06:58:48,1.852,1.777,1.833,1,1,1
51d4b6c8-a1e1-4c9b-8f2a-000000000001,2026-06-03T10:23:26,1.843,1.768,1.826,1,1,1
51d4b6c8-a1e1-4c9b-8f2a-000000000001,2026-06-03T13:22:52,1.814,1.739,1.793,1,1,1
51d4b6c8-a1e1-4c9b-8f2a-000000000001,2026-06-03T17:07:14,1.784,1.709,1.759,1,1,1
51d4b6c8-a1e1-4c9b-8f2a-000000000001,2026-06-03T19:56:26,1.782,1.707,1.764,1,1,1
51d4b6c8-a1e1-4c9b-8f2a-000000000001,2026-06-03T23:52:44,1.792,1.717,1.776,1,1,1
51d4b6c8-a1e1-4c9b-8f2a-000000000001,2026-06-04T03:35:52,1.822,1.747,1.807,1,1,1
51d4b6c8-a1e1-4c9b-8f2a-000000000001,2026-06-04T07:06:59,1.849,1.774,1.825,1,1,1
51d4b6c8-a1e1-4c9b-8f2a-000000000001,2026-06-04T11:06:41,1.835,1.76,1.816,1,1,1
51d4b6c8-a1e1-4c9b-8f2a-000000000001,2026-06-04T14:22:44,1.811,1.736,1.792,1,1,1
51d4b6c8-a1e1-4c9b-8f2a-000000000001,2026-06-04T17:58:16,1.787,1.712,1.768,1,1,1
51d4b6c8-a1e1-4c9b-8f2a-000000000001,2026-06-04T21:02:00,1.773,1.698,1.758,1,1,1
51d4b6c8-a1e1-4c9b-8f2a-000000000001,2026-06-05T00:16:22,1.809,1.734,1.788,1,1,1
51d4b6c8-a1e1-4c9b-8f2a-000000000001,2026-06-05T03:11:42,1.837,1.762,1.819,1,1,1
51d4b6c8-a1e1-4c9b-8f2a-000000000001,2026-06-05T06:33:01,1.847,1.772,1.827,1,1,1
51d4b6c8-a1e1-4c9b-8f2a-000000000001,2026-06-05T09:43:32,1.849,1.774,1.83,1,1,1
51d4b6c8-a1e1-4c9b-8f2a-000000000001,2026-06-05T12:29:42,1.834,1.759,1.818,1,1,1
51d4b6c8-a1e1-4c9b-8f2a-000000000001,2026-06-05T15:38:40,1.809,1.734,1.788,1,1,1
51d4b6c8-a1e1-4c9b-8f2a-000000000001,2026-06-05T18:46:35,1.787,1.712,1.766,1,1,1
51d4b6c8-a1e1-4c9b-8f2a-000000000001,2026-06-05T21:59:21,1.778,1.703,1.759,1,1,1
51d4b6c8-a1e1-4c9b-8f2a-000000000001,2026-06-06T00:41:38,1.794,1.719,1.771,1,1,1
51d4b6c8-a1e1-4c9b-8f2a-000000000001,2026-06-06T04:08:08,1.825,1.75,1.808,1,1,1
51d4b6c8-a1e1-4c9b-8f2a-000000000001,2026-06-06T06:45:13,1.836,1.761,1.814,1,1,1
51d4b6c8-a1e1-4c9b-8f2a-000000000001,2026-06-06T08:56:02,1.852,1.777,1.834,1,1,1
51d4b6c8-a1e1-4c9b-8f2a-000000000001,2026-06-06T12:52:36,1.837,1.762,1.814,1,1,1
51d4b6c8-a1e1-4c9b-8f2a-000000000001,2026-06-06T15:23:27,1.801,1.726,1.781,1,1,1
51d4b6c8-a1e1-4c9b-8f2a-000000000001,2026-06-06T17:37:16,1.794,1.719,1.78,1,1,0
51d4b6c8-a1e1-4c9b-8f2a-000000000001,2026-06-06T21:20:29,1.766,1.691,1.747,1,1,1
51d4b6c8-a1e1-4c9b-8f2a-000000000001,2026-06-07T00:55:22,1.79,1.715,1.77,1,1,1
51d4b6c8-a1e1-4c9b-8f2a-000000000001,2026-06-07T04:16:06,1.824,1.749,1.805,1,1,1
51d4b6c8-a1e1-4c9b-8f2a-000000000001,2026-06-07T06:44:10,1.844,1.769,1.822,1,1,1
51d4b6c8-a1e1-4c9b-8f2a-000000000001,2026-06-07T10:33:59,1.842,1.767,1.824,1,1,1
51d4b6c8-a1e1-4c9b-8f2a-000000000001,2026-06-07T13:22:59,1.822,1.747,1.801,1,1,1
51d4b6c8-a1e1-4c9b-8f2a-000000000001,2026-06-07T16:22:06,1.801,1.726,1.777,1,1,1
51d4b6c8-a1e1-4c9b-8f2a-000000000001,2026-06-07T19:51:17,1.775,1.7,1.757,1,1,1
51d4b6c8-a1e1-4c9b-8f2a-000000000001,2026-06-07T22:09:49,1.784,1.709,1.758,1,1,1
51d4b6c8-a1e1-4c9b-8f2a-000000000001,2026-06-08T00:13:45,1.778,1.703,1.761,1,1,1
51d4b6c8-a1e1-4c9b-8f2a-000000000001,2026-06-08T03:56:24,1.821,1.746,1.803,1,1,1
51d4b6c8-a1e1-4c9b-8f2a-000000000001,2026-06-08T06:44:11,1.844,1.769,1.828,1,1,1
51d4b6c8-a1e1-4c9b-8f2a-000000000001,2026-06-08T09:38:45,1.835,1.76,1.82,1,1,1
51d4b6c8-a1e1-4c9b-8f2a-000000000001,2026-06-08T12:07:58,1.823,1.748,1.802,1,1,1
51d4b6c8-a1e1-4c9b-8f2a-000000000001,2026-06-08T15:39:47,1.8,1.725,1.78,1,1,1
51d4b6c8-a1e1-4c9b-8f2a-000000000001,2026-06-08T19:27:51,1.776,1.701,1.754,1,1,1
51d4b6c8-a1e1-4c9b-8f2a-000000000001,2026-06-08T21:43:27,1.777,1.702,1.757,0,0,1
51d4b6c8-a1e1-4c9b-8f2a-000000000001,2026-06-09T01:18:15,1.784,1.709,1.766,1,1,1
51d4b6c8-a1e1-4c9b-8f2a-000000000001,2026-06-09T03:24:32,1.798,1.723,1.773,1,1,1
51d4b6c8-a1e1-4c9b-8f2a-000000000001,2026-06-09T06:26:08,1.815,1.74,1.795,1,1,1
51d4b6c8-a1e1-4c9b-8f2a-000000000001,2026-06-09T08:31:20,1.823,1.748,1.795,1,1,0
51d4b6c8-a1e1-4c9b-8f2a-000000000001,2026-06-09T10:38:38,1.823,1.748,1.805,0,0,1
51d4b6c8-a1e1-4c9b-8f2a-000000000001,2026-06-09T13:37:28,1.806,1.731,1.785,1,1,1
51d4b6c8-a1e1-4c9b-8f2a-000000000001,2026-06-09T16:10:28,1.777,1.702,1.756,1,1,1
51d4b6c8-a1e1-4c9b-8f2a-000000000001,2026-06-09T20:09:49,1.759,1.684,1.743,1,1,1
51d4b6c8-a1e1-4c9b-8f2a-000000000001,2026-06-09T23:52:09,1.774,1.699,1.749,1,1,1
51d4b6c8-a1e1-4c9b-8f2a-000000000001,2026-06-10T02:17:58,1.795,1.72,1.772,1,1,1
51d4b6c8-a1e1-4c9b-8f2a-000000000001,2026-06-10T04:29:22,1.811,1.736,1.788,1,1,1
51d4b6c8-a1e1-4c9b-8f2a-000000000001,2026-06-10T06:47:41,1.825,1.75,1.807,1,1,1
51d4b6c8-a1e1-4c9b-8f2a-000000000001,2026-06-10T10:16:21,1.822,1.747,1.8,1,1,1
51d4b6c8-a1e1-4c9b-8f2a-000000000001,2026-06-10T13:23:44,1.807,1.732,1.784,1,1,1
51d4b6c8-a1e1-4c9b-8f2a-000000000001,2026-06-10T17:07:54,1.773,1.698,1.752,1,1,1
51d4b6c8-a1e1-4c9b-8f2a-000000000001,2026-06-10T19:50:06,1.756,1.681,1.736,1,1,1
51d4b6c8-a1e1-4c9b-8f2a-000000000001,2026-06-10T23:31:33,1.768,1.693,1.745,1,1,1
51d4b6c8-a1e1-4c9b-8f2a-000000000001,2026-06-11T03:08:25,1.805,1.73,1.781,1,1,1
51d4b6c8-a1e1-4c9b-8f2a-000000000001,2026-06-11T05:11:34,1.829,1.754,1.806,1,1,1
51d4b6c8-a1e1-4c9b-8f2a-000000000001,2026-06-11T07:33:13,1.832,1.757,1.818,1,1,1
51d4b6c8-a1e1-4c9b-8f2a-000000000001,2026-06-11T10:41:10,1.836,1.761,1.819,1,1,0
51d4b6c8-a1e1-4c9b-8f2a-000000000001,2026-06-11T12:44:51,1.817,1.742,1.795,1,1,1
51d4b6c8-a1e1-4c9b-8f2a-000000000001,2026-06-11T16:11:26,1.785,1.71,1.764,1,1,1
51d4b6c8-a1e1-4c9b-8f2a-000000000001,2026-06-11T18:17:45,1.78,1.705,1.759,1,1,1
51d4b6c8-a1e1-4c9b-8f2a-000000000001,2026-06-11T21:16:02,1.775,1.7,1.76,1,1,1
51d4b6c8-a1e1-4c9b-8f2a-000000000001,2026-06-11T23:29:42,1.785,1.71,1.761,1,1,0
51d4b6c8-a1e1-4c9b-8f2a-000000000001,2026-06-12T01:35:09,1.811,1.736,1.791,1,1,1
51d4b6c8-a1e1-4c9b-8f2a-000000000001,2026-06-12T04:11:19,1.841,1.766,1.82,1,1,1
51d4b6c8-a1e1-4c9b-8f2a-000000000001,2026-06-12T07:40:57,1.851,1.776,1.834,1,1,1
51d4b6c8-a1e1-4c9b-8f2a-000000000001,2026-06-12T10:40:59,1.848,1.773,1.828,1,1,1
51d4b6c8-a1e1-4c9b-8f2a-000000000001,2026-06-12T12:43:14,1.844,1.769,1.821,1,1,1
51d4b6c8-a1e1-4c9b-8f2a-000000000001,2026-06-12T15:52:03,1.809,1.734,1.792,1,1,1
51d4b6c8-a1e1-4c9b-8f2a-000000000001,2026-06-12T19:28:12,1.793,1.718,1.767,1,1,1
51d4b6c8-a1e1-4c9b-8f2a-000000000001,2026-06-12T21:38:47,1.787,1.712,1.764,1,1,1
51d4b6c8-a1e1-4c9b-8f2a-000000000001,2026-06-13T00:16:01,1.813,1.738,1.794,1,1,1
51d4b6c8-a1e1-4c9b-8f2a-000000000001,2026-06-13T03:17:16,1.846,1.771,1.823,1,1,1
51d4b6c8-a1e1-4c9b-8f2a-000000000001,2026-06-13T06:55:32,1.867,1.792,1.849,1,1,1
51d4b6c8-a1e1-4c9b-8f2a-000000000001,2026-06-13T09:19:13,1.863,1.788,1.845,1,1,1
51d4b6c8-a1e1-4c9b-8f2a-000000000001,2026-06-13T12:18:30,1.855,1.78,1.832,1,1,1
51d4b6c8-a1e1-4c9b-8f2a-000000000001,2026-06-13T16:09:24,1.814,1.739,1.797,1,1,1
51d4b6c8-a1e1-4c9b-8f2a-000000000001,2026-06-13T18:27:31,1.798,1.723,1.779,1,1,1
51d4b6c8-a1e1-4c9b-8f2a-000000000001,2026-06-13T21:00:29,1.802,1.727,1.781,1,1,1
51d4b6c8-a1e1-4c9b-8f2a-000000000001,2026-06-14T00:40:17,1.826,1.751,1.802,1,1,1
51d4b6c8-a1e1-4c9b-8f2a-000000000001,2026-06-14T03:54:05,1.844,1.769,1.826,1,1,1
51d4b6c8-a1e1-4c9b-8f2a-000000000001,2026-06-14T06:48:03,1.859,1.784,1.836,1,1,1
51d4b6c8-a1e1-4c9b-8f2a-000000000001,2026-06-14T09:45:08,1.866,1.791,1.848,1,1,1
51d4b6c8-a1e1-4c9b-8f2a-000000000001,2026-06-14T13:10:51,1.84,1.765,1.822,1,1,1
51d4b6c8-a1e1-4c9b-8f2a-000000000001,2026-06-14T16:03:23,1.811,1.736,1.789,1,1,1
51d4b6c8-a1e1-4c9b-8f2a-000000000001,2026-06-14T18:52:26,1.792,1.717,1.769,1,1,1
51d4b6c8-a1e1-4c9b-8f2a-000000000001,2026-06-14T22:10:07,1.8,1.725,1.779,1,1,1
51d4b6c8-a1e1-4c9b-8f2a-000000000001,2026-06-15T01:28:54,1.814,1.739,1.793,1,1,1
51d4b6c8-a1e1-4c9b-8f2a-000000000001,2026-06-15T04:38:49,1.843,1.768,1.822,1,1,1
51d4b6c8-a1e1-4c9b-8f2a-000000000001,2026-06-15T07:50:14,1.852,1.777,1.835,1,1,1
51d4b6c8-a1e1-4c9b-8f2a-000000000001,2026-06-15T11:25:14,1.841,1.766,1.82,1,1,1
51d4b6c8-a1e1-4c9b-8f2a-000000000001,2026-06-15T14:28:24,1.814,1.739,1.796,1,1,1
51d4b6c8-a1e1-4c9b-8f2a-000000000001,2026-06-15T17:11:54,1.796,1.721,1.774,1,1,1
51d4b6c8-a1e1-4c9b-8f2a-000000000001,2026-06-15T19:28:25,1.786,1.711,1.765,1,1,1
51d4b6c8-a1e1-4c9b-8f2a-000000000001,2026-06-15T23:00:55,1.79,1.715,1.768,1,1,1
51d4b6c8-a1e1-4c9b-8f2a-000000000001,2026-06-16T01:16:39,1.806,1.731,1.791,1,1,1
51d4b6c8-a1e1-4c9b-8f2a-000000000001,2026-06-16T04:49:11,1.827,1.752,1.803,1,1,1
51d4b6c8-a1e1-4c9b-8f2a-000000000001,2026-06-16T07:17:41,1.846,1.771,1.831,1,1,1
51d4b6c8-a1e1-4c9b-8f2a-000000000001,2026-06-16T10:11:33,1.841,1.766,1.815,1,1,1
51d4b6c8-a1e1-4c9b-8f2a-000000000001,2026-06-16T12:55:42,1.834,1.759,1.814,1,1,0
51d4b6c8-a1e1-4c9b-8f2a-000000000001,2026-06-16T15:29:30,1.804,1.729,1.786,1,1,1
51d4b6c8-a1e1-4c9b-8f2a-000000000001,2026-06-16T17:46:07,1.776,1.701,1.751,1,1,1
51d4b6c8-a1e1-4c9b-8f2a-000000000001,2026-06-16T20:52:40,1.779,1.704,1.758,1,1,1
51d4b6c8-a1e1-4c9b-8f2a-000000000001,2026-06-16T23:25:24,1.793,1.718,1.775,1,1,1
51d4b6c8-a1e1-4c9b-8f2a-000000000001,2026-06-17T03:18:58,1.827,1.752,1.808,1,1,1
51d4b6c8-a1e1-4c9b-8f2a-000000000001,2026-06-17T06:19:12,1.848,1.773,1.827,1,1,1
51d4b6c8-a1e1-4c9b-8f2a-000000000001,2026-06-17T08:22:35,1.849,1.774,1.83,0,1,1
51d4b6c8-a1e1-4c9b-8f2a-000000000001,2026-06-17T10:57:01,1.846,1.771,1.824,1,1,1
51d4b6c8-a1e1-4c9b-8f2a-000000000001,2026-06-17T14:21:41,1.816,1.741,1.796,1,1,1
51d4b6c8-a1e1-4c9b-8f2a-000000000001,2026-06-17T17:27:32,1.794,1.719,1.774,1,1,1
51d4b6c8-a1e1-4c9b-8f2a-000000000001,2026-06-17T20:02:06,1.787,1.712,1.768,1,1,1
51d4b6c8-a1e1-4c9b-8f2a-000000000001,2026-06-17T22:15:25,1.787,1.712,1.767,0,0,1
51d4b6c8-a1e1-4c9b-8f2a-000000000001,2026-06-18T01:17:15,1.82,1.745,1.798,1,1,1
51d4b6c8-a1e1-4c9b-8f2a-000000000001,2026-06-18T04:07:15,1.853,1.778,1.837,1,1,1
51d4b6c8-a1e1-4c9b-8f2a-000000000001,2026-06-18T06:15:22,1.852,1.777,1.829,0,1,1
51d4b6c8-a1e1-4c9b-8f2a-000000000001,2026-06-18T09:11:47,1.859,1.784,1.839,1,1,1
51d4b6c8-a1e1-4c9b-8f2a-000000000001,2026-06-18T11:13:44,1.844,1.769,1.82,1,1,1
51d4b6c8-a1e1-4c9b-8f2a-000000000001,2026-06-18T14:41:57,1.824,1.749,1.805,1,1,1
51d4b6c8-a1e1-4c9b-8f2a-000000000001,2026-06-18T18:19:34,1.797,1.722,1.776,1,1,1
51d4b6c8-a1e1-4c9b-8f2a-000000000001,2026-06-18T21:56:57,1.785,1.71,1.762,1,1,1
51d4b6c8-a1e1-4c9b-8f2a-000000000001,2026-06-19T00:32:10,1.816,1.741,1.799,1,1,1
51d4b6c8-a1e1-4c9b-8f2a-000000000001,2026-06-19T04:30:52,1.849,1.774,1.834,1,1,1
51d4b6c8-a1e1-4c9b-8f2a-000000000001,2026-06-19T06:53:48,1.864,1.789,1.844,1,1,1
51d4b6c8-a1e1-4c9b-8f2a-000000000001,2026-06-19T09:37:57,1.863,1.788,1.837,1,0,1
51d4b6c8-a1e1-4c9b-8f2a-000000000001,2026-06-19T12:24:21,1.849,1.774,1.833,1,1,1
51d4b6c8-a1e1-4c9b-8f2a-000000000001,2026-06-19T16:00:29,1.819,1.744,1.8,1,1,1
51d4b6c8-a1e1-4c9b-8f2a-000000000001,2026-06-19T19:39:10,1.794,1.719,1.773,1,1,1
51d4b6c8-a1e1-4c9b-8f2a-000000000001,2026-06-19T22:51:29,1.796,1.721,1.773,1,1,0
51d4b6c8-a1e1-4c9b-8f2a-000000000001,2026-06-20T00:56:34,1.817,1.742,1.795,1,1,1
51d4b6c8-a1e1-4c9b-8f2a-000000000001,2026-06-20T04:50:19,1.859,1.784,1.837,1,1,1
51d4b6c8-a1e1-4c9b-8f2a-000000000001,2026-06-20T08:26:27,1.867,1.792,1.843,1,1,1
51d4b6c8-a1e1-4c9b-8f2a-000000000001,2026-06-20T10:30:37,1.869,1.794,1.847,1,1,1
51d4b6c8-a1e1-4c9b-8f2a-000000000001,2026-06-20T13:16:34,1.842,1.767,1.825,1,1,1
51d4b6c8-a1e1-4c9b-8f2a-000000000001,2026-06-20T16:48:08,1.813,1.738,1.792,1,1,1
51d4b6c8-a1e1-4c9b-8f2a-000000000001,2026-06-20T20:06:05,1.801,1.726,1.778,1,1,1
51d4b6c8-a1e1-4c9b-8f2a-000000000001,2026-06-20T23:13:29,1.81,1.735,1.794,1,1,1
51d4b6c8-a1e1-4c9b-8f2a-000000000001,2026-06-21T03:13:03,1.855,1.78,1.839,1,1,1
51d4b6c8-a1e1-4c9b-8f2a-000000000001,2026-06-21T06:07:18,1.869,1.794,1.85,1,1,1
51d4b6c8-a1e1-4c9b-8f2a-000000000001,2026-06-21T09:29:08,1.873,1.798,1.856,1,1,1
51d4b6c8-a1e1-4c9b-8f2a-000000000001,2026-06-21T13:16:05,1.85,1.775,1.823,1,1,1
51d4b6c8-a1e1-4c9b-8f2a-000000000001,2026-06-21T16:32:37,1.822,1.747,1.802,1,1,1
51d4b6c8-a1e1-4c9b-8f2a-000000000001,2026-06-21T20:07:27,1.807,1.732,1.786,1,1,1
51d4b6c8-a1e1-4c9b-8f2a-000000000001,2026-06-21T23:43:54,1.816,1.741,1.792,1,1,1
51d4b6c8-a1e1-4c9b-8f2a-000000000001,2026-06-22T03:10:09,1.849,1.774,1.823,1,1,1
51d4b6c8-a1e1-4c9b-8f2a-000000000001,2026-06-22T05:19:00,1.866,1.791,1.845,1,1,1
51d4b6c8-a1e1-4c9b-8f2a-000000000001,2026-06-22T09:04:22,1.873,1.798,1.851,1,1,1
51d4b6c8-a1e1-4c9b-8f2a-000000000001,2026-06-22T13:00:19,1.848,1.773,1.829,1,1,1
51d4b6c8-a1e1-4c9b-8f2a-000000000001,2026-06-22T15:20:04,1.826,1.751,1.804,1,1,1
51d4b6c8-a1e1-4c9b-8f2a-000000000001,2026-06-22T19:12:59,1.802,1.727,1.779,1,1,1
51d4b6c8-a1e1-4c9b-8f2a-000000000001,2026-06-22T21:28:00,1.799,1.724,1.779,1,1,0
51d4b6c8-a1e1-4c9b-8f2a-000000000001,2026-06-22T23:48:14,1.815,1.74,1.794,1,1,1
51d4b6c8-a1e1-4c9b-8f2a-000000000001,2026-06-23T03:29:21,1.831,1.756,1.811,1,1,1
51d4b6c8-a1e1-4c9b-8f2a-000000000001,2026-06-23T05:34:48,1.84,1.765,1.821,1,1,1
51d4b6c8-a1e1-4c9b-8f2a-000000000001,2026-06-23T08:51:29,1.85,1.775,1.828,1,1,1
51d4b6c8-a1e1-4c9b-8f2a-000000000001,2026-06-23T12:46:16,1.831,1.756,1.811,1,1,1
51d4b6c8-a1e1-4c9b-8f2a-000000000001,2026-06-23T14:53:28,1.811,1.736,1.791,1,1,1
51d4b6c8-a1e1-4c9b-8f2a-000000000001,2026-06-23T18:06:16,1.788,1.713,1.773,1,1,1
51d4b6c8-a1e1-4c9b-8f2a-000000000001,2026-06-23T20:21:57,1.769,1.694,1.748,1,1,1
51d4b6c8-a1e1-4c9b-8f2a-000000000001,2026-06-23T23:17:56,1.786,1.711,1.765,1,1,1
51d4b6c8-a1e1-4c9b-8f2a-000000000001,2026-06-24T02:31:47,1.809,1.734,1.788,1,1,1
51d4b6c8-a1e1-4c9b-8f2a-000000000001,2026-06-24T05:11:04,1.829,1.754,1.806,1,1,1
51d4b6c8-a1e1-4c9b-8f2a-000000000001,2026-06-24T08:10:55,1.851,1.776,1.832,1,1,1
51d4b6c8-a1e1-4c9b-8f2a-000000000001,2026-06-24T11:11:34,1.832,1.757,1.815,1,1,1
51d4b6c8-a1e1-4c9b-8f2a-000000000001,2026-06-24T14:57:27,1.804,1.729,1.784,1,1,1
51d4b6c8-a1e1-4c9b-8f2a-000000000001,2026-06-24T18:39:07,1.777,1.702,1.757,1,1,1
51d4b6c8-a1e1-4c9b-8f2a-000000000001,2026-06-24T21:27:11,1.77,1.695,1.753,1,1,1
51d4b6c8-a1e1-4c9b-8f2a-000000000001,2026-06-24T23:36:01,1.773,1.698,1.758,1,1,1
51d4b6c8-a1e1-4c9b-8f2a-000000000001,2026-06-25T01:50:16,1.791,1.716,1.775,1,1,1
51d4b6c8-a1e1-4c9b-8f2a-000000000001,2026-06-25T04:30:57,1.825,1.75,1.801,1,1,1
51d4b6c8-a1e1-4c9b-8f2a-000000000001,2026-06-25T06:36:24,1.838,1.763,1.821,1,1,1
51d4b6c8-a1e1-4c9b-8f2a-000000000001,2026-06-25T09:31:14,1.838,1.763,1.817,0,0,1
51d4b6c8-a1e1-4c9b-8f2a-000000000001,2026-06-25T13:30:06,1.814,1.739,1.797,1,1,1
51d4b6c8-a1e1-4c9b-8f2a-000000000001,2026-06-25T17:09:30,1.776,1.701,1.758,1,1,1
51d4b6c8-a1e1-4c9b-8f2a-000000000001,2026-06-25T20:30:21,1.759,1.684,1.736,1,1,1
51d4b6c8-a1e1-4c9b-8f2a-000000000001,2026-06-25T23:57:24,1.775,1.7,1.761,1,1,1
51d4b6c8-a1e1-4c9b-8f2a-000000000001,2026-06-26T03:30:32,1.82,1.745,1.796,1,1,1
51d4b6c8-a1e1-4c9b-8f2a-000000000001,2026-06-26T05:51:00,1.83,1.755,1.813,1,1,1
51d4b6c8-a1e1-4c9b-8f2a-000000000001,2026-06-26T07:54:47,1.847,1.772,1.828,1,1,1
51d4b6c8-a1e1-4c9b-8f2a-000000000001,2026-06-26T10:32:26,1.85,1.775,1.831,1,1,1
51d4b6c8-a1e1-4c9b-8f2a-000000000001,2026-06-26T14:17:10,1.811,1.736,1.792,1,1,1
51d4b6c8-a1e1-4c9b-8f2a-000000000001,2026-06-26T16:42:03,1.795,1.72,1.775,1,1,1
51d4b6c8-a1e1-4c9b-8f2a-000000000001,2026-06-26T20:31:30,1.77,1.695,1.754,1,1,1
51d4b6c8-a1e1-4c9b-8f2a-000000000001,2026-06-26T23:58:01,1.778,1.703,1.759,1,1,1
51d4b6c8-a1e1-4c9b-8f2a-000000000001,2026-06-27T03:04:59,1.829,1.754,1.808,1,1,1
51d4b6c8-a1e1-4c9b-8f2a-000000000001,2026-06-27T05:39:40,1.848,1.773,1.824,1,1,1
51d4b6c8-a1e1-4c9b-8f2a-000000000001,2026-06-27T09:15:07,1.86,1.785,1.843,1,1,1
51d4b6c8-a1e1-4c9b-8f2a-000000000001,2026-06-27T12:00:41,1.843,1.768,1.824,1,1,1
51d4b6c8-a1e1-4c9b-8f2a-000000000001,2026-06-27T14:35:12,1.822,1.747,1.805,1,1,1
51d4b6c8-a1e1-4c9b-8f2a-000000000001,2026-06-27T17:05:58,1.799,1.724,1.783,1,1,1
51d4b6c8-a1e1-4c9b-8f2a-000000000001,2026-06-27T19:22:26,1.785,1.71,1.764,1,1,1
51d4b6c8-a1e1-4c9b-8f2a-000000000001,2026-06-27T22:42:49,1.787,1.712,1.763,1,1,1
51d4b6c8-a1e1-4c9b-8f2a-000000000001,2026-06-28T00:54:53,1.812,1.737,1.792,1,1,1
51d4b6c8-a1e1-4c9b-8f2a-000000000001,2026-06-28T04:46:23,1.842,1.767,1.82,1,1,1
51d4b6c8-a1e1-4c9b-8f2a-000000000001,2026-06-28T08:42:03,1.849,1.774,1.824,1,1,1
51d4b6c8-a1e1-4c9b-8f2a-000000000001,2026-06-28T10:52:47,1.845,1.77,1.831,1,1,1
51d4b6c8-a1e1-4c9b-8f2a-000000000001,2026-06-28T13:13:47,1.828,1.753,1.814,1,1,1
51d4b6c8-a1e1-4c9b-8f2a-000000000001,2026-06-28T17:13:27,1.79,1.715,1.777,1,1,1
51d4b6c8-a1e1-4c9b-8f2a-000000000001,2026-06-28T20:58:39,1.774,1.699,1.753,1,1,1
51d4b6c8-a1e1-4c9b-8f2a-000000000001,2026-06-29T00:56:37,1.791,1.716,1.764,1,1,1
51d4b6c8-a1e1-4c9b-8f2a-000000000001,2026-06-29T04:38:45,1.816,1.741,1.797,1,1,1
51d4b6c8-a1e1-4c9b-8f2a-000000000001,2026-06-29T06:58:15,1.827,1.752,1.806,1,1,1
51d4b6c8-a1e1-4c9b-8f2a-000000000001,2026-06-29T10:06:23,1.825,1.75,1.81,1,1,1
51d4b6c8-a1e1-4c9b-8f2a-000000000001,2026-06-29T13:54:01,1.797,1.722,1.776,1,1,1
51d4b6c8-a1e1-4c9b-8f2a-000000000001,2026-06-29T16:10:54,1.774,1.699,1.756,1,1,1
51d4b6c8-a1e1-4c9b-8f2a-000000000001,2026-06-29T18:39:10,1.751,1.676,1.731,1,1,1
51d4b6c8-a1e1-4c9b-8f2a-000000000001,2026-06-29T21:57:36,1.759,1.684,1.739,1,1,1
51d4b6c8-a1e1-4c9b-8f2a-000000000001,2026-06-30T00:34:25,1.759,1.684,1.739,0,0,0
51d4b6c8-a1e1-4c9b-8f2a-000000000001,2026-06-30T02:48:30,1.771,1.696,1.755,1,1,1
51d4b6c8-a1e1-4c9b-8f2a-000000000001,2026-06-30T05:14:48,1.8,1.725,1.777,1,1,1
51d4b6c8-a1e1-4c9b-8f2a-000000000001,2026-06-30T08:20:43,1.801,1.726,1.78,0,0,1
51d4b6c8-a1e1-4c9b-8f2a-000000000001,2026-06-30T10:46:55,1.809,1.734,1.791,1,1,1
51d4b6c8-a1e1-4c9b-8f2a-000000000001,2026-06-30T14:11:22,1.772,1.697,1.751,1,1,1
51d4b6c8-a1e1-4c9b-8f2a-000000000001,2026-06-30T17:17:05,1.745,1.67,1.723,1,1,1
51d4b6c8-a1e1-4c9b-8f2a-000000000001,2026-06-30T19:31:02,1.737,1.662,1.716,1,1,1
51d4b6c8-a1e1-4c9b-8f2a-000000000001,2026-06-30T22:32:17,1.739,1.664,1.718,1,1,1
51d4b6c8-a1e1-4c9b-8f2a-000000000001,2026-07-01T01:27:46,1.763,1.688,1.74,1,1,1
51d4b6c8-a1e1-4c9b-8f2a-000000000001,2026-07-01T05:05:45,1.792,1.717,1.771,1,1,1
51d4b6c8-a1e1-4c9b-8f2a-000000000001,2026-07-01T09:05:02,1.815,1.74,1.798,1,1,1
51d4b6c8-a1e1-4c9b-8f2a-000000000001,2026-07-01T11:08:51,1.798,1.723,1.782,1,1,1
51d4b6c8-a1e1-4c9b-8f2a-000000000001,2026-07-01T13:59:17,1.772,1.697,1.756,1,1,1
51d4b6c8-a1e1-4c9b-8f2a-000000000001,2026-07-01T17:48:06,1.746,1.671,1.722,1,1,1
51d4b6c8-a1e1-4c9b-8f2a-000000000001,2026-07-01T20:29:50,1.726,1.651,1.705,1,1,1
51d4b6c8-a1e1-4c9b-8f2a-000000000001,2026-07-01T23:57:11,1.742,1.667,1.721,1,1,1
51d4b6c8-a1e1-4c9b-8f2a-000000000001,2026-07-02T03:02:31,1.788,1.713,1.766,1,1,1
51d4b6c8-a1e1-4c9b-8f2a-000000000001,2026-07-02T05:44:03,1.811,1.736,1.795,1,1,1
51d4b6c8-a1e1-4c9b-8f2a-000000000001,2026-07-02T08:34:22,1.816,1.741,1.795,1,1,0
51d4b6c8-a1e1-4c9b-8f2a-000000000001,2026-07-02T10:59:05,1.811,1.736,1.791,1,1,1
51d4b6c8-a1e1-4c9b-8f2a-000000000001,2026-07-02T14:27:57,1.78,1.705,1.762,1,1,1
51d4b6c8-a1e1-4c9b-8f2a-000000000001,2026-07-02T18:11:36,1.754,1.679,1.736,1,1,1
51d4b6c8-a1e1-4c9b-8f2a-000000000001,2026-07-02T20:49:52,1.742,1.667,1.72,1,1,1
51d4b6c8-a1e1-4c9b-8f2a-000000000001,2026-07-02T23:26:05,1.762,1.687,1.742,1,1,1
51d4b6c8-a1e1-4c9b-8f2a-000000000001,2026-07-03T03:19:54,1.809,1.734,1.787,1,1,1
51d4b6c8-a1e1-4c9b-8f2a-000000000001,2026-07-03T06:11:10,1.819,1.744,1.796,1,1,1
51d4b6c8-a1e1-4c9b-8f2a-000000000001,2026-07-03T08:49:25,1.822,1.747,1.804,1,1,1
51d4b6c8-a1e1-4c9b-8f2a-000000000001,2026-07-03T12:19:57,1.798,1.723,1.777,1,1,1
51d4b6c8-a1e1-4c9b-8f2a-000000000001,2026-07-03T16:09:43,1.763,1.688,1.742,1,1,1
51d4b6c8-a1e1-4c9b-8f2a-000000000001,2026-07-03T18:25:48,1.748,1.673,1.733,1,1,1
51d4b6c8-a1e1-4c9b-8f2a-000000000001,2026-07-03T20:36:54,1.739,1.664,1.721,1,1,1
51d4b6c8-a1e1-4c9b-8f2a-000000000001,2026-07-03T23:57:45,1.74,1.665,1.721,0,1,0
51d4b6c8-a1e1-4c9b-8f2a-000000000001,2026-07-04T03:04:48,1.784,1.709,1.762,1,1,1
51d4b6c8-a1e1-4c9b-8f2a-000000000001,2026-07-04T06:59:39,1.81,1.735,1.799,1,1,1
51d4b6c8-a1e1-4c9b-8f2a-000000000001,2026-07-04T09:57:07,1.817,1.742,1.796,1,1,1
51d4b6c8-a1e1-4c9b-8f2a-000000000001,2026-07-04T13:46:56,1.788,1.713,1.765,1,1,1
51d4b6c8-a1e1-4c9b-8f2a-000000000001,2026-07-04T16:18:19,1.761,1.686,1.741,1,1,1
51d4b6c8-a1e1-4c9b-8f2a-000000000001,2026-07-04T20:16:05,1.742,1.667,1.72,1,1,1
51d4b6c8-a1e1-4c9b-8f2a-000000000001,2026-07-04T23:23:35,1.756,1.681,1.738,1,1,1
51d4b6c8-a1e1-4c9b-8f2a-000000000001,2026-07-05T03:15:45,1.787,1.712,1.765,1,1,1
51d4b6c8-a1e1-4c9b-8f2a-000000000001,2026-07-05T06:55:45,1.809,1.734,1.785,1,1,1
51d4b6c8-a1e1-4c9b-8f2a-000000000001,2026-07-05T09:26:38,1.809,1.734,1.787,0,0,1
51d4b6c8-a1e1-4c9b-8f2a-000000000001,2026-07-05T13:02:02,1.793,1.718,1.769,1,1,1
51d4b6c8-a1e1-4c9b-8f2a-000000000001,2026-07-05T16:52:04,1.762,1.687,1.748,1,1,1
51d4b6c8-a1e1-4c9b-8f2a-000000000001,2026-07-05T20:45:29,1.748,1.673,1.724,1,1,1
51d4b6c8-a1e1-4c9b-8f2a-000000000001,2026-07-06T00:26:35,1.759,1.684,1.736,1,1,1
51d4b6c8-a1e1-4c9b-8f2a-000000000001,2026-07-06T03:40:44,1.776,1.701,1.754,1,1,1
51d4b6c8-a1e1-4c9b-8f2a-000000000001,2026-07-06T06:39:16,1.804,1.729,1.782,1,1,1
51d4b6c8-a1e1-4c9b-8f2a-000000000001,2026-07-06T10:36:34,1.806,1.731,1.782,1,1,0
51d4b6c8-a1e1-4c9b-8f2a-000000000001,2026-07-06T14:13:19,1.773,1.698,1.754,1,1,1
51d4b6c8-a1e1-4c9b-8f2a-000000000001,2026-07-06T17:16:29,1.75,1.675,1.733,1,1,1
51d4b6c8-a1e1-4c9b-8f2a-000000000001,2026-07-06T20:01:15,1.741,1.666,1.721,1,1,1
51d4b6c8-a1e1-4c9b-8f2a-000000000001,2026-07-06T23:43:00,1.757,1.682,1.733,1,1,1
51d4b6c8-a1e1-4c9b-8f2a-000000000001,2026-07-07T01:54:13,1.755,1.68,1.736,1,1,1
51d4b6c8-a1e1-4c9b-8f2a-000000000001,2026-07-07T04:54:12,1.779,1.704,1.755,1,1,1
51d4b6c8-a1e1-4c9b-8f2a-000000000001,2026-07-07T08:37:09,1.801,1.726,1.782,1,1,1
51d4b6c8-a1e1-4c9b-8f2a-000000000001,2026-07-07T12:23:39,1.787,1.712,1.767,1,1,1
51d4b6c8-a1e1-4c9b-8f2a-000000000001,2026-07-07T16:14:44,1.75,1.675,1.732,1,1,1
51d4b6c8-a1e1-4c9b-8f2a-000000000001,2026-07-07T20:10:06,1.734,1.659,1.71,1,1,1
51d4b6c8-a1e1-4c9b-8f2a-000000000001,2026-07-07T22:57:54,1.741,1.666,1.723,1,1,1
51d4b6c8-a1e1-4c9b-8f2a-000000000001,2026-07-08T02:45:29,1.768,1.693,1.746,1,1,1
51d4b6c8-a1e1-4c9b-8f2a-000000000001,2026-07-08T06:44:06,1.793,1.718,1.776,1,1,1
51d4b6c8-a1e1-4c9b-8f2a-000000000001,2026-07-08T10:24:44,1.799,1.724,1.772,1,1,1
51d4b6c8-a1e1-4c9b-8f2a-000000000001,2026-07-08T13:12:21,1.776,1.701,1.759,1,1,1
51d4b6c8-a1e1-4c9b-8f2a-000000000001,2026-07-08T15:55:03,1.753,1.678,1.735,1,1,1
51d4b6c8-a1e1-4c9b-8f2a-000000000001,2026-07-08T19:14:19,1.74,1.665,1.72,1,1,1
51d4b6c8-a1e1-4c9b-8f2a-000000000001,2026-07-08T21:32:50,1.732,1.657,1.708,1,1,1
51d4b6c8-a1e1-4c9b-8f2a-000000000001,2026-07-09T00:10:50,1.762,1.687,1.74,1,1,1
51d4b6c8-a1e1-4c9b-8f2a-000000000001,2026-07-09T02:26:44,1.776,1.701,1.757,1,1,1
51d4b6c8-a1e1-4c9b-8f2a-000000000001,2026-07-09T05:15:42,1.808,1.733,1.786,1,1,1
51d4b6c8-a1e1-4c9b-8f2a-000000000001,2026-07-09T08:01:56,1.815,1.74,1.796,1,1,1
51d4b6c8-a1e1-4c9b-8f2a-000000000001,2026-07-09T11:50:04,1.806,1.731,1.787,1,1,1
51d4b6c8-a1e1-4c9b-8f2a-000000000001,2026-07-09T14:06:43,1.788,1.713,1.768,1,1,1
51d4b6c8-a1e1-4c9b-8f2a-000000000001,2026-07-09T16:58:53,1.771,1.696,1.751,1,1,1
51d4b6c8-a1e1-4c9b-8f2a-000000000001,2026-07-09T20:13:53,1.754,1.679,1.736,1,1,1
51d4b6c8-a1e1-4c9b-8f2a-000000000001,2026-07-09T22:50:27,1.759,1.684,1.74,1,1,1
51d4b6c8-a1e1-4c9b-8f2a-000000000001,2026-07-10T01:30:37,1.799,1.724,1.773,1,1,1
51d4b6c8-a1e1-4c9b-8f2a-000000000001,2026-07-10T03:46:57,1.817,1.742,1.794,1,1,1
51d4b6c8-a1e1-4c9b-8f2a-000000000001,2026-07-10T07:43:12,1.837,1.762,1.814,1,1,1
51d4b6c8-a1e1-4c9b-8f2a-000000000001,2026-07-10T10:52:18,1.839,1.764,1.818,1,1,1
51d4b6c8-a1e1-4c9b-8f2a-000000000001,2026-07-10T13:59:58,1.809,1.734,1.788,1,1,1
51d4b6c8-a1e1-4c9b-8f2a-000000000001,2026-07-10T17:05:59,1.782,1.707,1.76,1,1,1
51d4b6c8-a1e1-4c9b-8f2a-000000000001,2026-07-10T20:29:07,1.775,1.7,1.752,1,1,1
51d4b6c8-a1e1-4c9b-8f2a-000000000001,2026-07-10T23:29:02,1.782,1.707,1.761,1,1,1
51d4b6c8-a1e1-4c9b-8f2a-000000000001,2026-07-11T01:37:55,1.798,1.723,1.779,1,1,1
51d4b6c8-a1e1-4c9b-8f2a-000000000001,2026-07-11T04:38:42,1.829,1.754,1.81,1,1,1
51d4b6c8-a1e1-4c9b-8f2a-000000000001,2026-07-11T08:26:10,1.847,1.772,1.826,1,1,1
51d4b6c8-a1e1-4c9b-8f2a-000000000001,2026-07-11T11:58:26,1.833,1.758,1.821,1,1,1
51d4b6c8-a1e1-4c9b-8f2a-000000000001,2026-07-11T15:19:44,1.804,1.729,1.777,1,1,1
51d4b6c8-a1e1-4c9b-8f2a-000000000001,2026-07-11T18:11:23,1.785,1.71,1.761,1,1,1
51d4b6c8-a1e1-4c9b-8f2a-000000000001,2026-07-11T21:20:25,1.776,1.701,1.759,1,1,1
51d4b6c8-a1e1-4c9b-8f2a-000000000001,2026-07-12T00:31:03,1.799,1.724,1.781,1,1,1
51d4b6c8-a1e1-4c9b-8f2a-000000000001,2026-07-12T04:26:27,1.838,1.763,1.817,1,1,1
51d4b6c8-a1e1-4c9b-8f2a-000000000001,2026-07-12T07:03:53,1.851,1.776,1.828,1,1,1
51d4b6c8-a1e1-4c9b-8f2a-000000000001,2026-07-12T10:27:30,1.845,1.77,1.83,1,1,1
51d4b6c8-a1e1-4c9b-8f2a-000000000001,2026-07-12T12:41:18,1.832,1.757,1.816,1,1,1
51d4b6c8-a1e1-4c9b-8f2a-000000000001,2026-07-12T15:10:34,1.819,1.744,1.802,1,1,1
51d4b6c8-a1e1-4c9b-8f2a-000000000001,2026-07-12T19:05:35,1.796,1.721,1.774,1,1,1
51d4b6c8-a1e1-4c9b-8f2a-000000000001,2026-07-12T21:09:06,1.791,1.716,1.775,1,1,0
51d4b6c8-a1e1-4c9b-8f2a-000000000001,2026-07-12T23:55:45,1.796,1.721,1.777,1,1,1
51d4b6c8-a1e1-4c9b-8f2a-000000000001,2026-07-13T02:07:58,1.811,1.736,1.794,1,1,1
51d4b6c8-a1e1-4c9b-8f2a-000000000001,2026-07-13T05:02:52,1.842,1.767,1.82,1,1,1
51d4b6c8-a1e1-4c9b-8f2a-000000000001,2026-07-13T08:16:14,1.837,1.762,1.822,1,1,1
51d4b6c8-a1e1-4c9b-8f2a-000000000001,2026-07-13T11:30:19,1.827,1.752,1.807,1,1,1
51d4b6c8-a1e1-4c9b-8f2a-000000000001,2026-07-13T13:46:23,1.816,1.741,1.798,1,1,1
51d4b6c8-a1e1-4c9b-8f2a-000000000001,2026-07-13T17:09:36,1.78,1.705,1.759,1,1,1
51d4b6c8-a1e1-4c9b-8f2a-000000000001,2026-07-13T20:25:51,1.761,1.686,1.731,1,1,1
51d4b6c8-a1e1-4c9b-8f2a-000000000001,2026-07-13T23:32:27,1.781,1.706,1.76,1,1,1
51d4b6c8-a1e1-4c9b-8f2a-000000000001,2026-07-14T02:15:32,1.796,1.721,1.78,1,1,1
51d4b6c8-a1e1-4c9b-8f2a-000000000001,2026-07-14T06:11:11,1.818,1.743,1.793,1,1,1
51d4b6c8-a1e1-4c9b-8f2a-000000000001,2026-07-14T09:09:50,1.831,1.756,1.812,1,1,1
51d4b6c8-a1e1-4c9b-8f2a-000000000001,2026-07-14T11:44:53,1.82,1.745,1.795,1,1,1
51d4b6c8-a1e1-4c9b-8f2a-000000000001,2026-07-14T15:16:48,1.784,1.709,1.765,1,1,1
51d4b6c8-a1e1-4c9b-8f2a-000000000001,2026-07-14T18:49:49,1.758,1.683,1.743,1,1,1
51d4b6c8-a1e1-4c9b-8f2a-000000000001,2026-07-14T21:55:22,1.765,1.69,1.749,1,1,1
51d4b6c8-a1e1-4c9b-8f2a-000000000001,2026-07-15T01:25:32,1.795,1.72,1.772,1,1,1
51d4b6c8-a1e1-4c9b-8f2a-000000000001,2026-07-15T04:18:13,1.811,1.736,1.789,1,1,1
51d4b6c8-a1e1-4c9b-8f2a-000000000001,2026-07-15T07:55:30,1.823,1.748,1.802,1,1,1
51d4b6c8-a1e1-4c9b-8f2a-000000000001,2026-07-15T10:12:13,1.821,1.746,1.802,1,1,0
51d4b6c8-a1e1-4c9b-8f2a-000000000001,2026-07-15T12:54:19,1.812,1.737,1.791,1,1,1
51d4b6c8-a1e1-4c9b-8f2a-000000000001,2026-07-15T15:26:24,1.784,1.709,1.764,1,1,1
51d4b6c8-a1e1-4c9b-8f2a-000000000001,2026-07-15T17:37:49,1.765,1.69,1.751,1,1,1
51d4b6c8-a1e1-4c9b-8f2a-000000000001,2026-07-15T19:53:03,1.758,1.683,1.742,1,1,1
51d4b6c8-a1e1-4c9b-8f2a-000000000001,2026-07-15T23:32:28,1.762,1.687,1.74,1,1,1
51d4b6c8-a1e1-4c9b-8f2a-000000000001,2026-07-16T02:22:10,1.794,1.719,1.77,1,1,1
51d4b6c8-a1e1-4c9b-8f2a-000000000001,2026-07-16T04:33:21,1.815,1.74,1.79,1,1,1
51d4b6c8-a1e1-4c9b-8f2a-000000000001,2026-07-16T07:12:37,1.771,1.696,1.752,1,1,1
51d4b6c8-a1e1-4c9b-8f2a-000000000001,2026-07-16T09:55:36,1.781,1.706,1.76,1,1,1
51d4b6c8-a1e1-4c9b-8f2a-000000000001,2026-07-16T12:27:50,1.761,1.686,1.745,1,1,1
51d4b6c8-a1e1-4c9b-8f2a-000000000001,2026-07-16T15:35:46,1.735,1.66,1.717,1,1,1
51d4b6c8-a1e1-4c9b-8f2a-000000000001,2026-07-16T19:09:50,1.716,1.641,1.701,1,1,1
51d4b6c8-a1e1-4c9b-8f2a-000000000001,2026-07-16T22:02:47,1.721,1.646,1.7,1,1,1
51d4b6c8-a1e1-4c9b-8f2a-000000000001,2026-07-17T01:20:47,1.756,1.681,1.735,1,1,1
51d4b6c8-a1e1-4c9b-8f2a-000000000001,2026-07-17T04:39:20,1.784,1.709,1.765,1,1,1
51d4b6c8-a1e1-4c9b-8f2a-000000000001,2026-07-17T07:16:00,1.799,1.724,1.783,1,1,1
51d4b6c8-a1e1-4c9b-8f2a-000000000001,2026-07-17T10:40:26,1.798,1.723,1.779,0,0,1
51d4b6c8-a1e1-4c9b-8f2a-000000000001,2026-07-17T12:41:33,1.794,1.719,1.765,1,1,1
51d4b6c8-a1e1-4c9b-8f2a-000000000001,2026-07-17T15:32:14,1.764,1.689,1.744,1,1,1
51d4b6c8-a1e1-4c9b-8f2a-000000000001,2026-07-17T18:09:50,1.745,1.67,1.729,1,1,1
51d4b6c8-a1e1-4c9b-8f2a-000000000001,2026-07-17T21:40:13,1.752,1.677,1.731,1,1,1
51d4b6c8-a1e1-4c9b-8f2a-000000000001,2026-07-18T00:58:13,1.765,1.69,1.741,1,1,1
51d4b6c8-a1e1-4c9b-8f2a-000000000001,2026-07-18T03:16:23,1.793,1.718,1.774,1,1,1
51d4b6c8-a1e1-4c9b-8f2a-000000000001,2026-07-18T06:46:41,1.804,1.729,1.789,1,1,1
51d4b6c8-a1e1-4c9b-8f2a-000000000001,2026-07-18T09:24:25,1.819,1.744,1.795,1,1,1
51d4b6c8-a1e1-4c9b-8f2a-000000000001,2026-07-18T12:37:20,1.796,1.721,1.771,1,1,1
51d4b6c8-a1e1-4c9b-8f2a-000000000001,2026-07-18T15:56:20,1.776,1.701,1.756,1,1,1
51d4b6c8-a1e1-4c9b-8f2a-000000000001,2026-07-18T18:02:53,1.753,1.678,1.732,1,1,1
51d4b6c8-a1e1-4c9b-8f2a-000000000001,2026-07-18T20:16:25,1.74,1.665,1.729,1,1,1
51d4b6c8-a1e1-4c9b-8f2a-000000000001,2026-07-19T00:08:29,1.764,1.689,1.741,1,1,1
51d4b6c8-a1e1-4c9b-8f2a-000000000001,2026-07-19T02:52:20,1.77,1.695,1.75,1,1,1
51d4b6c8-a1e1-4c9b-8f2a-000000000001,2026-07-19T05:00:26,1.802,1.727,1.782,1,1,1
51d4b6c8-a1e1-4c9b-8f2a-000000000001,2026-07-19T08:35:09,1.807,1.732,1.783,1,1,0
51d4b6c8-a1e1-4c9b-8f2a-000000000001,2026-07-19T10:45:03,1.802,1.727,1.78,1,1,1
51d4b6c8-a1e1-4c9b-8f2a-000000000001,2026-07-19T13:22:14,1.781,1.706,1.758,1,1,1
51d4b6c8-a1e1-4c9b-8f2a-000000000001,2026-07-19T16:38:21,1.754,1.679,1.733,1,1,1
51d4b6c8-a1e1-4c9b-8f2a-000000000001,2026-07-19T20:02:11,1.729,1.654,1.711,1,1,1
51d4b6c8-a1e1-4c9b-8f2a-000000000001,2026-07-19T22:56:36,1.74,1.665,1.725,1,1,1
51d4b6c8-a1e1-4c9b-8f2a-000000000001,2026-07-20T02:25:28,1.768,1.693,1.752,1,1,1
51d4b6c8-a1e1-4c9b-8f2a-000000000001,2026-07-20T05:28:14,1.793,1.718,1.771,1,1,1
51d4b6c8-a1e1-4c9b-8f2a-000000000001,2026-07-20T07:43:28,1.8,1.725,1.78,1,1,1
51d4b6c8-a1e1-4c9b-8f2a-000000000001,2026-07-20T11:20:19,1.799,1.724,1.781,1,1,0
51d4b6c8-a1e1-4c9b-8f2a-000000000001,2026-07-20T14:29:31,1.773,1.698,1.749,1,1,1
51d4b6c8-a1e1-4c9b-8f2a-000000000001,2026-07-20T17:13:38,1.75,1.675,1.733,1,1,1
51d4b6c8-a1e1-4c9b-8f2a-000000000001,2026-07-20T20:40:22,1.741,1.666,1.723,1,1,1
51d4b6c8-a1e1-4c9b-8f2a-000000000001,2026-07-20T23:36:59,1.752,1.677,1.737,1,1,1
51d4b6c8-a1e1-4c9b-8f2a-000000000001,2026-07-21T03:19:53,1.757,1.682,1.734,1,1,1
51d4b6c8-a1e1-4c9b-8f2a-000000000001,2026-07-21T06:09:50,1.782,1.707,1.763,1,1,1
51d4b6c8-a1e1-4c9b-8f2a-000000000001,2026-07-21T08:54:34,1.781,1.706,1.764,1,1,1
51d4b6c8-a1e1-4c9b-8f2a-000000000001,2026-07-21T12:49:04,1.754,1.679,1.734,1,1,1
51d4b6c8-a1e1-4c9b-8f2a-000000000001,2026-07-21T16:30:26,1.725,1.65,1.706,1,1,1
51d4b6c8-a1e1-4c9b-8f2a-000000000001,2026-07-21T19:06:55,1.702,1.627,1.683,1,1,1
51d4b6c8-a1e1-4c9b-8f2a-000000000001,2026-07-21T22:06:07,1.709,1.634,1.689,1,1,1
51d4b6c8-a1e1-4c9b-8f2a-000000000001,2026-07-22T00:06:53,1.721,1.646,1.704,1,1,1
51d4b6c8-a1e1-4c9b-8f2a-000000000001,2026-07-22T03:47:38,1.809,1.734,1.789,1,1,1
51d4b6c8-a1e1-4c9b-8f2a-000000000001,2026-07-22T06:51:12,1.835,1.76,1.815,1,1,1
51d4b6c8-a1e1-4c9b-8f2a-000000000001,2026-07-22T10:50:50,1.834,1.759,1.817,0,1,1
51d4b6c8-a1e1-4c9b-8f2a-000000000001,2026-07-22T14:14:56,1.805,1.73,1.785,1,1,1
51d4b6c8-a1e1-4c9b-8f2a-000000000001,2026-07-22T16:26:25,1.795,1.72,1.772,1,1,1
51d4b6c8-a1e1-4c9b-8f2a-000000000001,2026-07-22T20:22:07,1.77,1.695,1.753,1,1,1
51d4b6c8-a1e1-4c9b-8f2a-000000000001,2026-07-22T23:58:13,1.774,1.699,1.754,1,1,1
51d4b6c8-a1e1-4c9b-8f2a-000000000001,2026-07-23T02:22:32,1.812,1.737,1.791,1,1,1
51d4b6c8-a1e1-4c9b-8f2a-000000000001,2026-07-23T04:42:16,1.83,1.755,1.812,1,1,1
51d4b6c8-a1e1-4c9b-8f2a-000000000001,2026-07-23T07:19:16,1.847,1.772,1.828,1,1,1
51d4b6c8-a1e1-4c9b-8f2a-000000000001,2026-07-23T10:41:35,1.838,1.763,1.819,1,1,1
51d4b6c8-a1e1-4c9b-8f2a-000000000001,2026-07-23T12:52:32,1.826,1.751,1.809,1,1,1
51d4b6c8-a1e1-4c9b-8f2a-000000000001,2026-07-23T16:13:48,1.805,1.73,1.783,1,1,1
51d4b6c8-a1e1-4c9b-8f2a-000000000001,2026-07-23T19:43:34,1.771,1.696,1.753,1,1,1
51d4b6c8-a1e1-4c9b-8f2a-000000000001,2026-07-23T22:00:20,1.787,1.712,1.771,1,1,1
51d4b6c8-a1e1-4c9b-8f2a-000000000001,2026-07-24T00:45:01,1.813,1.738,1.789,1,1,1
51d4b6c8-a1e1-4c9b-8f2a-000000000001,2026-07-24T03:16:04,1.842,1.767,1.824,1,1,1
51d4b6c8-a1e1-4c9b-8f2a-000000000001,2026-07-24T05:31:31,1.858,1.783,1.836,1,1,1
51d4b6c8-a1e1-4c9b-8f2a-000000000001,2026-07-24T07:36:39,1.865,1.79,1.846,1,1,1
51d4b6c8-a1e1-4c9b-8f2a-000000000001,2026-07-24T09:40:11,1.863,1.788,1.845,1,1,1
51d4b6c8-a1e1-4c9b-8f2a-000000000001,2026-07-24T12:02:39,1.853,1.778,1.831,1,1,1
51d4b6c8-a1e1-4c9b-8f2a-000000000001,2026-07-24T14:38:03,1.825,1.75,1.804,1,1,1
51d4b6c8-a1e1-4c9b-8f2a-000000000001,2026-07-24T17:11:38,1.804,1.729,1.78,1,1,1
51d4b6c8-a1e1-4c9b-8f2a-000000000001,2026-07-24T20:47:53,1.798,1.723,1.778,1,1,1
51d4b6c8-a1e1-4c9b-8f2a-000000000001,2026-07-24T23:30:59,1.799,1.724,1.776,0,0,1
51d4b6c8-a1e1-4c9b-8f2a-000000000001,2026-07-25T01:52:34,1.824,1.749,1.81,1,1,1
51d4b6c8-a1e1-4c9b-8f2a-000000000001,2026-07-25T05:25:59,1.868,1.793,1.849,1,1,1
51d4b6c8-a1e1-4c9b-8f2a-000000000001,2026-07-25T09:22:52,1.861,1.786,1.839,1,1,1
51d4b6c8-a1e1-4c9b-8f2a-000000000001,2026-07-25T13:00:49,1.838,1.763,1.819,1,1,1
51d4b6c8-a1e1-4c9b-8f2a-000000000001,2026-07-25T16:36:30,1.821,1.746,1.796,1,1,1
51d4b6c8-a1e1-4c9b-8f2a-000000000001,2026-07-25T18:57:38,1.796,1.721,1.777,1,1,1
51d4b6c8-a1e1-4c9b-8f2a-000000000001,2026-07-25T22:21:42,1.795,1.72,1.774,1,1,1
51d4b6c8-a1e1-4c9b-8f2a-000000000001,2026-07-26T00:44:17,1.821,1.746,1.8,1,1,1
51d4b6c8-a1e1-4c9b-8f2a-000000000001,2026-07-26T02:55:07,1.843,1.768,1.827,1,1,1
51d4b6c8-a1e1-4c9b-8f2a-000000000001,2026-07-26T04:55:12,1.86,1.785,1.838,1,1,1
51d4b6c8-a1e1-4c9b-8f2a-000000000001,2026-07-26T08:36:31,1.878,1.803,1.859,1,1,1
51d4b6c8-a1e1-4c9b-8f2a-000000000001,2026-07-26T12:26:35,1.849,1.774,1.831,1,1,1
51d4b6c8-a1e1-4c9b-8f2a-000000000001,2026-07-26T16:19:37,1.823,1.748,1.805,1,1,1
51d4b6c8-a1e1-4c9b-8f2a-000000000001,2026-07-26T18:35:59,1.819,1.744,1.804,1,1,0
51d4b6c8-a1e1-4c9b-8f2a-000000000001,2026-07-26T20:56:54,1.802,1.727,1.776,1,1,1
51d4b6c8-a1e1-4c9b-8f2a-000000000001,2026-07-27T00:31:20,1.817,1.742,1.795,1,1,1
51d4b6c8-a1e1-4c9b-8f2a-000000000001,2026-07-27T02:46:37,1.842,1.767,1.82,1,1,1
51d4b6c8-a1e1-4c9b-8f2a-000000000001,2026-07-27T05:33:36,1.864,1.789,1.838,1,1,1
51d4b6c8-a1e1-4c9b-8f2a-000000000001,2026-07-27T09:29:43,1.861,1.786,1.838,1,1,0
51d4b6c8-a1e1-4c9b-8f2a-000000000001,2026-07-27T11:46:35,1.858,1.783,1.841,1,1,1
51d4b6c8-a1e1-4c9b-8f2a-000000000001,2026-07-27T13:57:14,1.844,1.769,1.819,1,1,1
51d4b6c8-a1e1-4c9b-8f2a-000000000001,2026-07-27T16:50:50,1.826,1.751,1.806,1,1,1
51d4b6c8-a1e1-4c9b-8f2a-000000000001,2026-07-27T18:50:59,1.81,1.735,1.782,1,1,1
51d4b6c8-a1e1-4c9b-8f2a-000000000001,2026-07-27T22:37:08,1.809,1.734,1.791,1,1,1
51d4b6c8-a1e1-4c9b-8f2a-000000000001,2026-07-28T02:20:49,1.826,1.751,1.804,1,1,1
51d4b6c8-a1e1-4c9b-8f2a-000000000001,2026-07-28T04:29:40,1.842,1.767,1.823,1,1,1
51d4b6c8-a1e1-4c9b-8f2a-000000000001,2026-07-28T06:50:04,1.857,1.782,1.833,1,1,1
51d4b6c8-a1e1-4c9b-8f2a-000000000001,2026-07-28T10:37:51,1.863,1.788,1.843,1,1,1
51d4b6c8-a1e1-4c9b-8f2a-000000000001,2026-07-28T14:30:57,1.832,1.757,1.811,1,1,1
51d4b6c8-a1e1-4c9b-8f2a-000000000001,2026-07-28T16:43:06,1.816,1.741,1.795,1,1,1
51d4b6c8-a1e1-4c9b-8f2a-000000000001,2026-07-28T19:14:56,1.793,1.718,1.774,1,1,1
51d4b6c8-a1e1-4c9b-8f2a-000000000001,2026-07-28T22:23:32,1.795,1.72,1.773,1,1,1
51d4b6c8-a1e1-4c9b-8f2a-000000000001,2026-07-29T01:42:59,1.818,1.743,1.799,1,1,1
51d4b6c8-a1e1-4c9b-8f2a-000000000001,2026-07-29T04:03:29,1.846,1.771,1.825,1,1,1
51d4b6c8-a1e1-4c9b-8f2a-000000000001,2026-07-29T07:02:10,1.867,1.792,1.849,1,1,1
51d4b6c8-a1e1-4c9b-8f2a-000000000001,2026-07-29T09:24:21,1.862,1.787,1.842,1,1,1
51d4b6c8-a1e1-4c9b-8f2a-000000000001,2026-07-29T11:51:30,1.865,1.79,1.847,1,1,1
51d4b6c8-a1e1-4c9b-8f2a-000000000001,2026-07-29T15:11:36,1.829,1.754,1.813,1,1,1
51d4b6c8-a1e1-4c9b-8f2a-000000000001,2026-07-29T18:18:02,1.807,1.732,1.784,1,1,1
51d4b6c8-a1e1-4c9b-8f2a-000000000001,2026-07-29T21:22:18,1.8,1.725,1.779,1,1,1
51d4b6c8-a1e1-4c9b-8f2a-000000000001,2026-07-30T01:10:38,1.829,1.754,1.808,1,1,1
51d4b6c8-a1e1-4c9b-8f2a-000000000001,2026-07-30T04:46:41,1.857,1.782,1.837,1,1,1
51d4b6c8-a1e1-4c9b-8f2a-000000000001,2026-07-30T08:44:48,1.879,1.804,1.857,1,1,1
51d4b6c8-a1e1-4c9b-8f2a-000000000001,2026-07-30T11:35:37,1.87,1.795,1.846,1,1,1
51d4b6c8-a1e1-4c9b-8f2a-000000000001,2026-07-30T14:06:34,1.844,1.769,1.823,1,1,1
51d4b6c8-a1e1-4c9b-8f2a-000000000001,2026-07-30T16:53:08,1.825,1.75,1.799,1,1,1
51d4b6c8-a1e1-4c9b-8f2a-000000000001,2026-07-30T20:27:31,1.803,1.728,1.782,1,1,1
51d4b6c8-a1e1-4c9b-8f2a-000000000001,2026-07-30T23:17:15,1.824,1.749,1.811,1,1,1
51d4b6c8-a1e1-4c9b-8f2a-000000000001,2026-07-31T02:24:46,1.854,1.779,1.837,1,1,1
51d4b6c8-a1e1-4c9b-8f2a-000000000001,2026-07-31T05:06:02,1.88,1.805,1.859,1,1,1
51d4b6c8-a1e1-4c9b-8f2a-000000000001,2026-07-31T07:39:05,1.881,1.806,1.858,1,1,0
51d4b6c8-a1e1-4c9b-8f2a-000000000001,2026-07-31T09:43:44,1.885,1.81,1.865,1,1,1
51d4b6c8-a1e1-4c9b-8f2a-000000000001,2026-07-31T13:31:23,1.859,1.784,1.836,1,1,1
51d4b6c8-a1e1-4c9b-8f2a-000000000001,2026-07-31T16:05:02,1.827,1.752,1.808,1,1,1
51d4b6c8-a1e1-4c9b-8f2a-000000000001,2026-07-31T20:01:56,1.81,1.735,1.788,1,1,1
51d4b6c8-a1e1-4c9b-8f2a-000000000001,2026-07-31T22:51:57,1.81,1.735,1.792,0,0,1
51d4b6c8-a1e1-4c9b-8f2a-000000000001,2026-08-01T02:23:05,1.849,1.774,1.826,1,1,1
51d4b6c8-a1e1-4c9b-8f2a-000000000001,2026-08-01T04:42:10,1.868,1.793,1.851,1,1,1
51d4b6c8-a1e1-4c9b-8f2a-000000000001,2026-08-01T06:45:38,1.876,1.801,1.851,1,1,0
51d4b6c8-a1e1-4c9b-8f2a-000000000001,2026-08-01T09:15:34,1.872,1.797,1.851,1,1,0
51d4b6c8-a1e1-4c9b-8f2a-000000000001,2026-08-01T12:16:11,1.859,1.784,1.839,1,1,1
51d4b6c8-a1e1-4c9b-8f2a-000000000001,2026-08-01T15:00:53,1.829,1.754,1.807,1,1,1
51d4b6c8-a1e1-4c9b-8f2a-000000000001,2026-08-01T17:20:30,1.813,1.738,1.789,1,1,1
51d4b6c8-a1e1-4c9b-8f2a-000000000001,2026-08-01T19:54:43,1.805,1.73,1.791,1,1,1
51d4b6c8-a1e1-4c9b-8f2a-000000000001,2026-08-01T23:12:24,1.812,1.737,1.795,1,1,1
51d4b6c8-a1e1-4c9b-8f2a-000000000001,2026-08-02T01:14:48,1.825,1.75,1.809,1,1,1
51d4b6c8-a1e1-4c9b-8f2a-000000000001,2026-08-02T04:26:57,1.856,1.781,1.842,1,1,1
51d4b6c8-a1e1-4c9b-8f2a-000000000001,2026-08-02T07:03:36,1.875,1.8,1.853,1,1,1
51d4b6c8-a1e1-4c9b-8f2a-000000000001,2026-08-02T09:33:50,1.874,1.799,1.849,0,1,1
51d4b6c8-a1e1-4c9b-8f2a-000000000001,2026-08-02T12:21:30,1.867,1.792,1.848,1,1,0
51d4b6c8-a1e1-4c9b-8f2a-000000000001,2026-08-02T15:39:11,1.835,1.76,1.816,1,1,1
51d4b6c8-a1e1-4c9b-8f2a-000000000001,2026-08-02T17:46:50,1.823,1.748,1.802,1,1,1
51d4b6c8-a1e1-4c9b-8f2a-000000000001,2026-08-02T21:33:55,1.822,1.747,1.806,0,0,1
51d4b6c8-a1e1-4c9b-8f2a-000000000001,2026-08-03T01:21:53,1.825,1.75,1.803,1,1,1
51d4b6c8-a1e1-4c9b-8f2a-000000000001,2026-08-03T04:48:26,1.859,1.784,1.839,1,1,1
51d4b6c8-a1e1-4c9b-8f2a-000000000001,2026-08-03T07:38:40,1.872,1.797,1.85,1,1,1
51d4b6c8-a1e1-4c9b-8f2a-000000000001,2026-08-03T11:05:51,1.855,1.78,1.834,1,1,1
51d4b6c8-a1e1-4c9b-8f2a-000000000001,2026-08-03T14:54:38,1.831,1.756,1.815,1,1,1
51d4b6c8-a1e1-4c9b-8f2a-000000000001,2026-08-03T17:16:22,1.809,1.734,1.79,1,1,1
51d4b6c8-a1e1-4c9b-8f2a-000000000001,2026-08-03T20:53:22,1.794,1.719,1.773,1,1,1
51d4b6c8-a1e1-4c9b-8f2a-000000000001,2026-08-03T23:36:00,1.806,1.731,1.791,1,1,1
51d4b6c8-a1e1-4c9b-8f2a-000000000001,2026-08-04T02:15:46,1.821,1.746,1.795,1,1,1
51d4b6c8-a1e1-4c9b-8f2a-000000000001,2026-08-04T05:25:48,1.851,1.776,1.834,1,1,1
51d4b6c8-a1e1-4c9b-8f2a-000000000001,2026-08-04T08:25:51,1.853,1.778,1.838,1,1,1
51d4b6c8-a1e1-4c9b-8f2a-000000000001,2026-08-04T10:42:20,1.848,1.773,1.83,1,1,1
51d4b6c8-a1e1-4c9b-8f2a-000000000001,2026-08-04T14:31:08,1.821,1.746,1.802,1,1,1
51d4b6c8-a1e1-4c9b-8f2a-000000000001,2026-08-04T17:46:51,1.792,1.717,1.772,1,1,1
51d4b6c8-a1e1-4c9b-8f2a-000000000001,2026-08-04T20:19:41,1.78,1.705,1.755,1,1,1
51d4b6c8-a1e1-4c9b-8f2a-000000000001,2026-08-04T22:30:15,1.785,1.71,1.762,1,1,1
51d4b6c8-a1e1-4c9b-8f2a-000000000001,2026-08-05T02:26:05,1.817,1.742,1.796,1,1,1
51d4b6c8-a1e1-4c9b-8f2a-000000000001,2026-08-05T05:04:45,1.843,1.768,1.827,1,1,1
51d4b6c8-a1e1-4c9b-8f2a-000000000001,2026-08-05T08:19:57,1.857,1.782,1.839,1,1,1
51d4b6c8-a1e1-4c9b-8f2a-000000000001,2026-08-05T11:30:35,1.844,1.769,1.822,1,1,1
51d4b6c8-a1e1-4c9b-8f2a-000000000001,2026-08-05T14:05:29,1.812,1.737,1.8,1,1,1
51d4b6c8-a1e1-4c9b-8f2a-000000000001,2026-08-05T16:46:37,1.793,1.718,1.775,1,1,1
51d4b6c8-a1e1-4c9b-8f2a-000000000001,2026-08-05T20:40:23,1.778,1.703,1.757,1,1,1
51d4b6c8-a1e1-4c9b-8f2a-000000000001,2026-08-06T00:08:29,1.806,1.731,1.789,1,1,1
51d4b6c8-a1e1-4c9b-8f2a-000000000001,2026-08-06T03:26:33,1.838,1.763,1.817,1,1,1
51d4b6c8-a1e1-4c9b-8f2a-000000000001,2026-08-06T07:25:54,1.86,1.785,1.84,1,1,1
51d4b6c8-a1e1-4c9b-8f2a-000000000001,2026-08-06T10:48:40,1.857,1.782,1.835,1,1,1
51d4b6c8-a1e1-4c9b-8f2a-000000000001,2026-08-06T14:12:06,1.823,1.748,1.807,1,1,1
51d4b6c8-a1e1-4c9b-8f2a-000000000001,2026-08-06T17:31:36,1.805,1.73,1.786,1,1,1
51d4b6c8-a1e1-4c9b-8f2a-000000000001,2026-08-06T20:57:51,1.79,1.715,1.771,1,1,1
51d4b6c8-a1e1-4c9b-8f2a-000000000001,2026-08-06T23:21:41,1.803,1.728,1.785,1,1,1
51d4b6c8-a1e1-4c9b-8f2a-000000000001,2026-08-07T01:57:08,1.829,1.754,1.809,1,1,1
51d4b6c8-a1e1-4c9b-8f2a-000000000001,2026-08-07T05:49:06,1.866,1.791,1.85,1,1,1
51d4b6c8-a1e1-4c9b-8f2a-000000000001,2026-08-07T09:09:23,1.876,1.801,1.858,1,1,1
51d4b6c8-a1e1-4c9b-8f2a-000000000001,2026-08-07T12:36:13,1.859,1.784,1.841,1,1,1
51d4b6c8-a1e1-4c9b-8f2a-000000000001,2026-08-07T15:31:56,1.831,1.756,1.812,1,1,1
51d4b6c8-a1e1-4c9b-8f2a-000000000001,2026-08-07T18:06:48,1.807,1.732,1.791,1,1,1
51d4b6c8-a1e1-4c9b-8f2a-000000000001,2026-08-07T20:12:18,1.806,1.731,1.785,0,0,1
51d4b6c8-a1e1-4c9b-8f2a-000000000001,2026-08-07T22:55:12,1.811,1.736,1.796,1,1,1
51d4b6c8-a1e1-4c9b-8f2a-000000000001,2026-08-08T01:17:09,1.844,1.769,1.823,1,1,1
51d4b6c8-a1e1-4c9b-8f2a-000000000001,2026-08-08T04:03:26,1.864,1.789,1.845,1,1,1
51d4b6c8-a1e1-4c9b-8f2a-000000000001,2026-08-08T07:26:58,1.887,1.812,1.867,1,1,1
51d4b6c8-a1e1-4c9b-8f2a-000000000001,2026-08-08T10:16:54,1.874,1.799,1.855,1,1,1
51d4b6c8-a1e1-4c9b-8f2a-000000000001,2026-08-08T12:59:56,1.864,1.789,1.839,1,1,1
51d4b6c8-a1e1-4c9b-8f2a-000000000001,2026-08-08T16:56:45,1.843,1.768,1.822,1,1,1
51d4b6c8-a1e1-4c9b-8f2a-000000000001,2026-08-08T19:28:08,1.818,1.743,1.794,1,1,1
51d4b6c8-a1e1-4c9b-8f2a-000000000001,2026-08-08T23:00:14,1.825,1.75,1.803,1,1,1
51d4b6c8-a1e1-4c9b-8f2a-000000000001,2026-08-09T02:03:01,1.858,1.783,1.84,1,1,1
51d4b6c8-a1e1-4c9b-8f2a-000000000001,2026-08-09T04:32:50,1.873,1.798,1.855,1,1,1
51d4b6c8-a1e1-4c9b-8f2a-000000000001,2026-08-09T08:31:23,1.882,1.807,1.86,1,1,1
51d4b6c8-a1e1-4c9b-8f2a-000000000001,2026-08-09T12:13:14,1.862,1.787,1.84,1,1,1
51d4b6c8-a1e1-4c9b-8f2a-000000000001,2026-08-09T16:09:39,1.835,1.76,1.819,1,1,1
51d4b6c8-a1e1-4c9b-8f2a-000000000001,2026-08-09T18:58:03,1.826,1.751,1.8,1,1,1
51d4b6c8-a1e1-4c9b-8f2a-000000000001,2026-08-09T21:51:42,1.813,1.738,1.793,1,1,1
51d4b6c8-a1e1-4c9b-8f2a-000000000001,2026-08-10T00:04:01,1.762,1.687,1.746,1,1,1
51d4b6c8-a1e1-4c9b-8f2a-000000000001,2026-08-10T03:50:50,1.782,1.707,1.76,1,1,1
51d4b6c8-a1e1-4c9b-8f2a-000000000001,2026-08-10T06:31:44,1.802,1.727,1.779,1,1,1
51d4b6c8-a1e1-4c9b-8f2a-000000000001,2026-08-10T09:43:43,1.812,1.737,1.795,1,1,1
51d4b6c8-a1e1-4c9b-8f2a-000000000001,2026-08-10T11:55:25,1.806,1.731,1.782,1,1,1
51d4b6c8-a1e1-4c9b-8f2a-000000000001,2026-08-10T15:01:08,1.776,1.701,1.76,1,1,1
51d4b6c8-a1e1-4c9b-8f2a-000000000001,2026-08-10T18:00:14,1.744,1.669,1.724,1,1,1
51d4b6c8-a1e1-4c9b-8f2a-000000000001,2026-08-10T20:14:43,1.748,1.673,1.734,1,1,1
51d4b6c8-a1e1-4c9b-8f2a-000000000001,2026-08-10T22:37:35,1.755,1.68,1.732,1,1,1
51d4b6c8-a1e1-4c9b-8f2a-000000000001,2026-08-11T00:52:22,1.74,1.665,1.721,1,1,1
51d4b6c8-a1e1-4c9b-8f2a-000000000001,2026-08-11T03:52:53,1.772,1.697,1.749,1,1,1
51d4b6c8-a1e1-4c9b-8f2a-000000000001,2026-08-11T07:03:06,1.797,1.722,1.771,1,1,1
51d4b6c8-a1e1-4c9b-8f2a-000000000001,2026-08-11T10:26:07,1.801,1.726,1.779,1,1,1
51d4b6c8-a1e1-4c9b-8f2a-000000000001,2026-08-11T13:04:44,1.765,1.69,1.747,1,1,1
51d4b6c8-a1e1-4c9b-8f2a-000000000001,2026-08-11T16:27:50,1.748,1.673,1.726,1,1,1
51d4b6c8-a1e1-4c9b-8f2a-000000000001,2026-08-11T18:44:25,1.739,1.664,1.716,1,1,1
51d4b6c8-a1e1-4c9b-8f2a-000000000001,2026-08-11T22:25:35,1.732,1.657,1.71,1,1,1
51d4b6c8-a1e1-4c9b-8f2a-000000000001,2026-08-12T00:50:45,1.741,1.666,1.715,1,1,1
51d4b6c8-a1e1-4c9b-8f2a-000000000001,2026-08-12T03:06:40,1.759,1.684,1.734,1,1,1
51d4b6c8-a1e1-4c9b-8f2a-000000000001,2026-08-12T06:31:55,1.785,1.71,1.763,1,1,1
51d4b6c8-a1e1-4c9b-8f2a-000000000001,2026-08-12T10:25:02,1.783,1.708,1.757,1,1,1
51d4b6c8-a1e1-4c9b-8f2a-000000000001,2026-08-12T13:15:43,1.769,1.694,1.751,1,1,1
51d4b6c8-a1e1-4c9b-8f2a-000000000001,2026-08-12T15:22:05,1.751,1.676,1.736,1,1,1
51d4b6c8-a1e1-4c9b-8f2a-000000000001,2026-08-12T17:39:40,1.734,1.659,1.712,1,1,1
51d4b6c8-a1e1-4c9b-8f2a-000000000001,2026-08-12T20:44:36,1.725,1.65,1.703,1,1,1
51d4b6c8-a1e1-4c9b-8f2a-000000000001,2026-08-12T23:11:31,1.726,1.651,1.709,0,1,1
51d4b6c8-a1e1-4c9b-8f2a-000000000001,2026-08-13T02:47:08,1.756,1.681,1.734,1,1,1
51d4b6c8-a1e1-4c9b-8f2a-000000000001,2026-08-13T06:21:43,1.795,1.72,1.775,1,1,1
51d4b6c8-a1e1-4c9b-8f2a-000000000001,2026-08-13T09:50:57,1.806,1.731,1.784,1,1,1
51d4b6c8-a1e1-4c9b-8f2a-000000000001,2026-08-13T13:07:00,1.771,1.696,1.754,1,1,1
51d4b6c8-a1e1-4c9b-8f2a-000000000001,2026-08-13T16:35:37,1.755,1.68,1.727,1,1,1
51d4b6c8-a1e1-4c9b-8f2a-000000000001,2026-08-13T18:44:33,1.739,1.664,1.717,1,1,1
51d4b6c8-a1e1-4c9b-8f2a-000000000001,2026-08-13T20:49:26,1.737,1.662,1.717,1,1,0
51d4b6c8-a1e1-4c9b-8f2a-000000000001,2026-08-13T23:45:23,1.754,1.679,1.735,1,1,1
51d4b6c8-a1e1-4c9b-8f2a-000000000001,2026-08-14T02:57:01,1.776,1.701,1.755,1,1,1
51d4b6c8-a1e1-4c9b-8f2a-000000000001,2026-08-14T06:03:02,1.815,1.74,1.792,1,1,1
51d4b6c8-a1e1-4c9b-8f2a-000000000001,2026-08-14T09:57:52,1.815,1.74,1.792,0,0,0
51d4b6c8-a1e1-4c9b-8f2a-000000000001,2026-08-14T12:39:48,1.797,1.722,1.774,1,1,1
51d4b6c8-a1e1-4c9b-8f2a-000000000001,2026-08-14T15:15:02,1.774,1.699,1.749,1,1,1
51d4b6c8-a1e1-4c9b-8f2a-000000000001,2026-08-14T18:32:57,1.751,1.676,1.733,1,1,1
51d4b6c8-a1e1-4c9b-8f2a-000000000001,2026-08-14T21:50:01,1.749,1.674,1.731,1,1,1
51d4b6c8-a1e1-4c9b-8f2a-000000000001,2026-08-15T01:25:34,1.781,1.706,1.766,1,1,1
51d4b6c8-a1e1-4c9b-8f2a-000000000001,2026-08-15T03:28:32,1.795,1.72,1.771,1,1,1
51d4b6c8-a1e1-4c9b-8f2a-000000000001,2026-08-15T06:04:06,1.816,1.741,1.797,1,1,1
51d4b6c8-a1e1-4c9b-8f2a-000000000001,2026-08-15T08:15:37,1.824,1.749,1.803,1,1,1
51d4b6c8-a1e1-4c9b-8f2a-000000000001,2026-08-15T11:31:09,1.811,1.736,1.786,1,1,1
51d4b6c8-a1e1-4c9b-8f2a-000000000001,2026-08-15T13:55:50,1.794,1.719,1.768,1,1,1
51d4b6c8-a1e1-4c9b-8f2a-000000000001,2026-08-15T16:04:29,1.782,1.707,1.763,1,1,1
51d4b6c8-a1e1-4c9b-8f2a-000000000001,2026-08-15T18:09:02,1.766,1.691,1.751,1,1,1
51d4b6c8-a1e1-4c9b-8f2a-000000000001,2026-08-15T21:58:21,1.759,1.684,1.74,1,1,1
51d4b6c8-a1e1-4c9b-8f2a-000000000001,2026-08-16T00:36:19,1.784,1.709,1.763,1,1,1
51d4b6c8-a1e1-4c9b-8f2a-000000000001,2026-08-16T04:05:50,1.819,1.744,1.796,1,1,1
51d4b6c8-a1e1-4c9b-8f2a-000000000001,2026-08-16T07:06:10,1.838,1.763,1.816,1,1,1
51d4b6c8-a1e1-4c9b-8f2a-000000000001,2026-08-16T09:51:56,1.84,1.765,1.82,1,1,1
51d4b6c8-a1e1-4c9b-8f2a-000000000001,2026-08-16T12:18:19,1.814,1.739,1.793,1,1,1
51d4b6c8-a1e1-4c9b-8f2a-000000000001,2026-08-16T14:54:05,1.815,1.74,1.793,0,0,0
51d4b6c8-a1e1-4c9b-8f2a-000000000001,2026-08-16T18:11:51,1.777,1.702,1.757,1,1,1
51d4b6c8-a1e1-4c9b-8f2a-000000000001,2026-08-16T21:20:34,1.772,1.697,1.752,1,1,1
51d4b6c8-a1e1-4c9b-8f2a-000000000001,2026-08-16T23:45:47,1.777,1.702,1.762,1,1,1
51d4b6c8-a1e1-4c9b-8f2a-000000000001,2026-08-17T02:02:52,1.791,1.716,1.769,1,1,1
51d4b6c8-a1e1-4c9b-8f2a-000000000001,2026-08-17T04:16:37,1.804,1.729,1.784,1,1,1
51d4b6c8-a1e1-4c9b-8f2a-000000000001,2026-08-17T07:22:29,1.823,1.748,1.805,1,1,1
51d4b6c8-a1e1-4c9b-8f2a-000000000001,2026-08-17T09:52:34,1.824,1.749,1.801,1,1,1
51d4b6c8-a1e1-4c9b-8f2a-000000000001,2026-08-17T12:20:43,1.808,1.733,1.788,1,1,1
51d4b6c8-a1e1-4c9b-8f2a-000000000001,2026-08-17T15:19:01,1.782,1.707,1.764,1,1,1
51d4b6c8-a1e1-4c9b-8f2a-000000000001,2026-08-17T18:55:56,1.76,1.685,1.742,1,1,1
51d4b6c8-a1e1-4c9b-8f2a-000000000001,2026-08-17T22:30:13,1.752,1.677,1.729,1,1,1
51d4b6c8-a1e1-4c9b-8f2a-000000000001,2026-08-18T01:10:00,1.761,1.686,1.743,1,1,1
51d4b6c8-a1e1-4c9b-8f2a-000000000001,2026-08-18T04:08:27,1.8,1.725,1.779,1,1,1
51d4b6c8-a1e1-4c9b-8f2a-000000000001,2026-08-18T07:55:24,1.817,1.742,1.793,1,1,1
51d4b6c8-a1e1-4c9b-8f2a-000000000001,2026-08-18T11:22:41,1.808,1.733,1.789,1,1,1
51d4b6c8-a1e1-4c9b-8f2a-000000000001,2026-08-18T14:55:00,1.788,1.713,1.768,1,1,1
51d4b6c8-a1e1-4c9b-8f2a-000000000001,2026-08-18T18:42:16,1.749,1.674,1.724,1,1,1
51d4b6c8-a1e1-4c9b-8f2a-000000000001,2026-08-18T21:53:02,1.754,1.679,1.736,1,1,1
51d4b6c8-a1e1-4c9b-8f2a-000000000001,2026-08-19T00:03:53,1.766,1.691,1.754,1,1,1
51d4b6c8-a1e1-4c9b-8f2a-000000000001,2026-08-19T03:25:59,1.792,1.717,1.773,1,1,1
51d4b6c8-a1e1-4c9b-8f2a-000000000001,2026-08-19T06:33:57,1.804,1.729,1.783,1,1,1
51d4b6c8-a1e1-4c9b-8f2a-000000000001,2026-08-19T08:38:48,1.806,1.731,1.789,1,1,1
51d4b6c8-a1e1-4c9b-8f2a-000000000001,2026-08-19T11:06:53,1.79,1.715,1.765,1,1,1
51d4b6c8-a1e1-4c9b-8f2a-000000000001,2026-08-19T14:52:40,1.772,1.697,1.751,1,1,1
51d4b6c8-a1e1-4c9b-8f2a-000000000001,2026-08-19T18:48:53,1.739,1.664,1.716,1,1,1
51d4b6c8-a1e1-4c9b-8f2a-000000000001,2026-08-19T21:34:05,1.729,1.654,1.706,1,1,1
51d4b6c8-a1e1-4c9b-8f2a-000000000001,2026-08-19T23:43:26,1.757,1.682,1.732,1,1,1
51d4b6c8-a1e1-4c9b-8f2a-000000000001,2026-08-20T02:24:50,1.782,1.707,1.762,1,1,1
51d4b6c8-a1e1-4c9b-8f2a-000000000001,2026-08-20T06:10:40,1.811,1.736,1.791,1,1,1
51d4b6c8-a1e1-4c9b-8f2a-000000000001,2026-08-20T08:29:33,1.819,1.744,1.795,1,1,1
51d4b6c8-a1e1-4c9b-8f2a-000000000001,2026-08-20T11:19:19,1.807,1.732,1.783,1,1,1
51d4b6c8-a1e1-4c9b-8f2a-000000000001,2026-08-20T14:36:59,1.781,1.706,1.763,1,1,1
51d4b6c8-a1e1-4c9b-8f2a-000000000001,2026-08-20T17:48:04,1.762,1.687,1.743,1,1,1
51d4b6c8-a1e1-4c9b-8f2a-000000000001,2026-08-20T21:38:45,1.742,1.667,1.726,1,1,1
51d4b6c8-a1e1-4c9b-8f2a-000000000001,2026-08-21T00:55:16,1.778,1.703,1.76,1,1,1
51d4b6c8-a1e1-4c9b-8f2a-000000000001,2026-08-21T04:08:03,1.814,1.739,1.795,1,1,1
51d4b6c8-a1e1-4c9b-8f2a-000000000001,2026-08-21T06:57:21,1.836,1.761,1.814,1,1,1
51d4b6c8-a1e1-4c9b-8f2a-000000000001,2026-08-21T09:17:28,1.838,1.763,1.816,1,1,1
51d4b6c8-a1e1-4c9b-8f2a-000000000001,2026-08-21T11:25:44,1.825,1.75,1.798,1,1,1
51d4b6c8-a1e1-4c9b-8f2a-000000000001,2026-08-21T14:47:51,1.796,1.721,1.775,1,1,1
51d4b6c8-a1e1-4c9b-8f2a-000000000001,2026-08-21T18:36:03,1.759,1.684,1.739,1,1,1
51d4b6c8-a1e1-4c9b-8f2a-000000000001,2026-08-21T21:55:11,1.759,1.684,1.739,0,0,0
51d4b6c8-a1e1-4c9b-8f2a-000000000001,2026-08-22T01:47:42,1.787,1.712,1.77,1,1,1
51d4b6c8-a1e1-4c9b-8f2a-000000000001,2026-08-22T04:39:11,1.807,1.732,1.788,1,1,1
51d4b6c8-a1e1-4c9b-8f2a-000000000001,2026-08-22T07:21:15,1.824,1.749,1.801,1,1,1
51d4b6c8-a1e1-4c9b-8f2a-000000000001,2026-08-22T09:51:47,1.833,1.758,1.812,1,1,1
51d4b6c8-a1e1-4c9b-8f2a-000000000001,2026-08-22T13:03:35,1.804,1.729,1.784,1,1,1
51d4b6c8-a1e1-4c9b-8f2a-000000000001,2026-08-22T16:06:17,1.776,1.701,1.757,1,1,1
51d4b6c8-a1e1-4c9b-8f2a-000000000001,2026-08-22T19:42:48,1.761,1.686,1.739,1,1,1
51d4b6c8-a1e1-4c9b-8f2a-000000000001,2026-08-22T22:47:08,1.753,1.678,1.727,1,1,1
51d4b6c8-a1e1-4c9b-8f2a-000000000001,2026-08-23T01:34:50,1.794,1.719,1.775,1,1,1
51d4b6c8-a1e1-4c9b-8f2a-000000000001,2026-08-23T04:32:53,1.812,1.737,1.79,1,1,1
51d4b6c8-a1e1-4c9b-8f2a-000000000001,2026-08-23T07:20:39,1.844,1.769,1.825,1,1,1
51d4b6c8-a1e1-4c9b-8f2a-000000000001,2026-08-23T11:14:34,1.826,1.751,1.806,1,1,1
51d4b6c8-a1e1-4c9b-8f2a-000000000001,2026-08-23T14:50:40,1.802,1.727,1.778,1,1,1
51d4b6c8-a1e1-4c9b-8f2a-000000000001,2026-08-23T18:27:11,1.772,1.697,1.753,1,1,1
51d4b6c8-a1e1-4c9b-8f2a-000000000001,2026-08-23T20:37:46,1.776,1.701,1.755,1,1,1
51d4b6c8-a1e1-4c9b-8f2a-000000000001,2026-08-23T23:25:51,1.776,1.701,1.763,0,0,1
51d4b6c8-a1e1-4c9b-8f2a-000000000001,2026-08-24T01:32:44,1.779,1.704,1.764,1,1,1
51d4b6c8-a1e1-4c9b-8f2a-000000000001,2026-08-24T05:24:26,1.817,1.742,1.802,1,1,1
51d4b6c8-a1e1-4c9b-8f2a-000000000001,2026-08-24T08:25:42,1.819,1.744,1.796,1,1,1
51d4b6c8-a1e1-4c9b-8f2a-000000000001,2026-08-24T12:22:46,1.809,1.734,1.792,1,1,1
51d4b6c8-a1e1-4c9b-8f2a-000000000001,2026-08-24T15:43:08,1.783,1.708,1.761,1,1,1
51d4b6c8-a1e1-4c9b-8f2a-000000000001,2026-08-24T18:49:05,1.75,1.675,1.729,1,1,1
51d4b6c8-a1e1-4c9b-8f2a-000000000001,2026-08-24T21:30:47,1.75,1.675,1.727,0,0,1
51d4b6c8-a1e1-4c9b-8f2a-000000000001,2026-08-24T23:31:20,1.758,1.683,1.738,1,1,1
51d4b6c8-a1e1-4c9b-8f2a-000000000001,2026-08-25T02:31:43,1.774,1.699,1.753,1,1,1
51d4b6c8-a1e1-4c9b-8f2a-000000000001,2026-08-25T06:06:56,1.802,1.727,1.783,1,1,1
51d4b6c8-a1e1-4c9b-8f2a-000000000001,2026-08-25T09:04:58,1.813,1.738,1.79,1,1,1
51d4b6c8-a1e1-4c9b-8f2a-000000000001,2026-08-25T12:48:24,1.788,1.713,1.771,1,1,1
51d4b6c8-a1e1-4c9b-8f2a-000000000001,2026-08-25T16:23:03,1.76,1.685,1.737,1,1,1
51d4b6c8-a1e1-4c9b-8f2a-000000000001,2026-08-25T19:27:19,1.738,1.663,1.721,1,1,1
51d4b6c8-a1e1-4c9b-8f2a-000000000001,2026-08-25T22:15:12,1.738,1.663,1.719,0,0,1
51d4b6c8-a1e1-4c9b-8f2a-000000000001,2026-08-26T00:41:25,1.758,1.683,1.743,1,1,1
51d4b6c8-a1e1-4c9b-8f2a-000000000001,2026-08-26T04:33:03,1.798,1.723,1.778,1,1,1
51d4b6c8-a1e1-4c9b-8f2a-000000000001,2026-08-26T07:00:33,1.812,1.737,1.79,1,1,1
51d4b6c8-a1e1-4c9b-8f2a-000000000001,2026-08-26T10:34:02,1.809,1.734,1.788,1,1,1
51d4b6c8-a1e1-4c9b-8f2a-000000000001,2026-08-26T14:16:53,1.78,1.705,1.757,1,1,1
51d4b6c8-a1e1-4c9b-8f2a-000000000001,2026-08-26T16:54:44,1.759,1.684,1.739,1,1,1
51d4b6c8-a1e1-4c9b-8f2a-000000000001,2026-08-26T20:26:27,1.743,1.668,1.726,1,1,1
51d4b6c8-a1e1-4c9b-8f2a-000000000001,2026-08-26T22:41:50,1.749,1.674,1.732,1,1,1
51d4b6c8-a1e1-4c9b-8f2a-000000000001,2026-08-27T02:25:05,1.788,1.713,1.768,1,1,1
51d4b6c8-a1e1-4c9b-8f2a-000000000001,2026-08-27T05:27:16,1.815,1.74,1.794,1,1,1
51d4b6c8-a1e1-4c9b-8f2a-000000000001,2026-08-27T08:10:39,1.827,1.752,1.809,1,1,1
51d4b6c8-a1e1-4c9b-8f2a-000000000001,2026-08-27T10:42:59,1.822,1.747,1.799,1,1,1
51d4b6c8-a1e1-4c9b-8f2a-000000000001,2026-08-27T14:13:15,1.79,1.715,1.772,1,1,1
51d4b6c8-a1e1-4c9b-8f2a-000000000001,2026-08-27T17:21:49,1.772,1.697,1.751,1,1,1
51d4b6c8-a1e1-4c9b-8f2a-000000000001,2026-08-27T20:28:28,1.761,1.686,1.746,1,1,1
51d4b6c8-a1e1-4c9b-8f2a-000000000001,2026-08-27T23:57:05,1.769,1.694,1.753,1,1,1
51d4b6c8-a1e1-4c9b-8f2a-000000000001,2026-08-28T03:12:46,1.817,1.742,1.8,1,1,1
51d4b6c8-a1e1-4c9b-8f2a-000000000001,2026-08-28T05:42:53,1.834,1.759,1.815,1,1,1
51d4b6c8-a1e1-4c9b-8f2a-000000000001,2026-08-28T08:13:24,1.852,1.777,1.835,1,1,1
51d4b6c8-a1e1-4c9b-8f2a-000000000001,2026-08-28T10:44:34,1.844,1.769,1.822,1,1,1
51d4b6c8-a1e1-4c9b-8f2a-000000000001,2026-08-28T13:26:42,1.817,1.742,1.794,1,1,1
51d4b6c8-a1e1-4c9b-8f2a-000000000001,2026-08-28T16:44:41,1.785,1.71,1.763,1,1,1
51d4b6c8-a1e1-4c9b-8f2a-000000000001,2026-08-28T20:17:39,1.778,1.703,1.76,1,1,1
51d4b6c8-a1e1-4c9b-8f2a-000000000001,2026-08-28T23:13:18,1.787,1.712,1.769,1,1,1
51d4b6c8-a1e1-4c9b-8f2a-000000000001,2026-08-29T02:26:47,1.821,1.746,1.8,1,1,1
51d4b6c8-a1e1-4c9b-8f2a-000000000001,2026-08-29T05:08:01,1.848,1.773,1.826,1,1,1
51d4b6c8-a1e1-4c9b-8f2a-000000000001,2026-08-29T08:54:32,1.858,1.783,1.836,1,1,1
51d4b6c8-a1e1-4c9b-8f2a-000000000001,2026-08-29T11:57:03,1.84,1.765,1.822,1,1,1
51d4b6c8-a1e1-4c9b-8f2a-000000000001,2026-08-29T14:27:15,1.816,1.741,1.794,1,1,1
51d4b6c8-a1e1-4c9b-8f2a-000000000001,2026-08-29T17:14:53,1.802,1.727,1.786,1,1,1
51d4b6c8-a1e1-4c9b-8f2a-000000000001,2026-08-29T20:17:46,1.792,1.717,1.774,1,1,1
51d4b6c8-a1e1-4c9b-8f2a-000000000001,2026-08-29T22:27:53,1.793,1.718,1.773,0,0,1
51d4b6c8-a1e1-4c9b-8f2a-000000000001,2026-08-30T00:43:03,1.809,1.734,1.79,1,1,1
51d4b6c8-a1e1-4c9b-8f2a-000000000001,2026-08-30T03:25:53,1.835,1.76,1.82,1,1,1
51d4b6c8-a1e1-4c9b-8f2a-000000000001,2026-08-30T06:31:42,1.861,1.786,1.84,1,1,1
51d4b6c8-a1e1-4c9b-8f2a-000000000001,2026-08-30T09:42:36,1.858,1.783,1.834,1,1,1
51d4b6c8-a1e1-4c9b-8f2a-000000000001,2026-08-30T12:46:39,1.838,1.763,1.818,1,1,1
51d4b6c8-a1e1-4c9b-8f2a-000000000001,2026-08-30T14:57:24,1.826,1.751,1.81,1,1,1
51d4b6c8-a1e1-4c9b-8f2a-000000000001,2026-08-30T18:28:24,1.791,1.716,1.775,1,1,1
51d4b6c8-a1e1-4c9b-8f2a-000000000001,2026-08-30T21:50:56,1.785,1.71,1.766,1,1,1
51d4b6c8-a1e1-4c9b-8f2a-000000000001,2026-08-31T01:02:34,1.79,1.715,1.77,1,1,1
51d4b6c8-a1e1-4c9b-8f2a-000000000001,2026-08-31T04:48:26,1.819,1.744,1.795,1,1,1
51d4b6c8-a1e1-4c9b-8f2a-000000000001,2026-08-31T07:14:54,1.827,1.752,1.804,1,1,1
51d4b6c8-a1e1-4c9b-8f2a-000000000001,2026-08-31T10:50:54,1.82,1.745,1.798,1,1,1
51d4b6c8-a1e1-4c9b-8f2a-000000000001,2026-08-31T13:23:09,1.802,1.727,1.783,1,1,1
51d4b6c8-a1e1-4c9b-8f2a-000000000001,2026-08-31T15:36:24,1.781,1.706,1.758,1,1,1
51d4b6c8-a1e1-4c9b-8f2a-000000000001,2026-08-31T17:54:39,1.774,1.699,1.756,1,1,1
51d4b6c8-a1e1-4c9b-8f2a-000000000001,2026-08-31T20:28:31,1.759,1.684,1.739,1,1,1
51d4b6c8-a1e1-4c9b-8f2a-000000000001,2026-08-31T22:54:34,1.761,1.686,1.738,1,1,1
51d4b6c8-a1e1-4c9b-8f2a-000000000001,2026-09-01T01:39:08,1.766,1.691,1.746,1,1,1
51d4b6c8-a1e1-4c9b-8f2a-000000000001,2026-09-01T04:11:07,1.79,1.715,1.77,1,1,1
51d4b6c8-a1e1-4c9b-8f2a-000000000001,2026-09-01T07:58:36,1.813,1.738,1.797,1,1,1
51d4b6c8-a1e1-4c9b-8f2a-000000000001,2026-09-01T10:44:47,1.805,1.73,1.795,1,1,1
51d4b6c8-a1e1-4c9b-8f2a-000000000001,2026-09-01T13:08:41,1.782,1.707,1.762,1,1,1
51d4b6c8-a1e1-4c9b-8f2a-000000000001,2026-09-01T17:04:02,1.755,1.68,1.74,1,1,1
51d4b6c8-a1e1-4c9b-8f2a-000000000001,2026-09-01T20:33:24,1.74,1.665,1.719,1,1,1
51d4b6c8-a1e1-4c9b-8f2a-000000000001,2026-09-01T22:39:39,1.75,1.675,1.73,1,1,1
51d4b6c8-a1e1-4c9b-8f2a-000000000001,2026-09-02T01:31:45,1.773,1.698,1.751,1,1,1
51d4b6c8-a1e1-4c9b-8f2a-000000000001,2026-09-02T05:28:00,1.805,1.73,1.78,1,1,1
51d4b6c8-a1e1-4c9b-8f2a-000000000001,2026-09-02T07:46:36,1.813,1.738,1.792,1,1,1
51d4b6c8-a1e1-4c9b-8f2a-000000000001,2026-09-02T11:42:58,1.809,1.734,1.79,1,1,1
51d4b6c8-a1e1-4c9b-8f2a-000000000001,2026-09-02T14:01:26,1.779,1.704,1.757,1,1,1
51d4b6c8-a1e1-4c9b-8f2a-000000000001,2026-09-02T17:18:47,1.762,1.687,1.739,1,1,1
51d4b6c8-a1e1-4c9b-8f2a-000000000001,2026-09-02T19:21:21,1.75,1.675,1.734,1,1,1
51d4b6c8-a1e1-4c9b-8f2a-000000000001,2026-09-02T22:28:26,1.745,1.67,1.725,1,1,1
51d4b6c8-a1e1-4c9b-8f2a-000000000001,2026-09-03T01:33:40,1.783,1.708,1.758,1,1,1
51d4b6c8-a1e1-4c9b-8f2a-000000000001,2026-09-03T03:52:55,1.787,1.712,1.769,1,1,1
51d4b6c8-a1e1-4c9b-8f2a-000000000001,2026-09-03T06:57:54,1.813,1.738,1.792,1,1,1
51d4b6c8-a1e1-4c9b-8f2a-000000000001,2026-09-03T10:12:16,1.803,1.728,1.782,1,1,1
51d4b6c8-a1e1-4c9b-8f2a-000000000001,2026-09-03T12:19:52,1.796,1.721,1.774,1,1,1
51d4b6c8-a1e1-4c9b-8f2a-000000000001,2026-09-03T14:38:22,1.773,1.698,1.755,1,1,1
51d4b6c8-a1e1-4c9b-8f2a-000000000001,2026-09-03T16:49:55,1.757,1.682,1.738,1,1,1
51d4b6c8-a1e1-4c9b-8f2a-000000000001,2026-09-03T19:02:46,1.748,1.673,1.729,1,1,1
51d4b6c8-a1e1-4c9b-8f2a-000000000001,2026-09-03T21:49:24,1.739,1.664,1.722,1,1,1
51d4b6c8-a1e1-4c9b-8f2a-000000000001,2026-09-04T01:15:32,1.782,1.707,1.76,1,1,1
51d4b6c8-a1e1-4c9b-8f2a-000000000001,2026-09-04T05:06:57,1.809,1.734,1.785,1,1,1
51d4b6c8-a1e1-4c9b-8f2a-000000000001,2026-09-04T08:53:48,1.826,1.751,1.805,1,1,1
51d4b6c8-a1e1-4c9b-8f2a-000000000001,2026-09-04T12:07:50,1.803,1.728,1.785,1,1,1
51d4b6c8-a1e1-4c9b-8f2a-000000000001,2026-09-04T15:10:10,1.779,1.704,1.762,1,1,1
51d4b6c8-a1e1-4c9b-8f2a-000000000001,2026-09-04T17:33:21,1.757,1.682,1.733,1,1,1
51d4b6c8-a1e1-4c9b-8f2a-000000000001,2026-09-04T21:02:53,1.746,1.671,1.724,1,1,1
51d4b6c8-a1e1-4c9b-8f2a-000000000001,2026-09-05T00:27:11,1.775,1.7,1.752,1,1,1
51d4b6c8-a1e1-4c9b-8f2a-000000000001,2026-09-05T03:46:05,1.792,1.717,1.768,1,1,1
51d4b6c8-a1e1-4c9b-8f2a-000000000001,2026-09-05T07:34:23,1.812,1.737,1.789,1,1,1
51d4b6c8-a1e1-4c9b-8f2a-000000000001,2026-09-05T11:13:31,1.81,1.735,1.793,1,1,1
51d4b6c8-a1e1-4c9b-8f2a-000000000001,2026-09-05T13:58:32,1.788,1.713,1.76,1,1,1
51d4b6c8-a1e1-4c9b-8f2a-000000000001,2026-09-05T15:58:33,1.773,1.698,1.754,1,1,1
51d4b6c8-a1e1-4c9b-8f2a-000000000001,2026-09-05T18:14:46,1.752,1.677,1.733,1,1,1
51d4b6c8-a1e1-4c9b-8f2a-000000000001,2026-09-05T21:47:21,1.755,1.68,1.729,1,1,1
51d4b6c8-a1e1-4c9b-8f2a-000000000001,2026-09-06T00:48:42,1.766,1.691,1.744,1,1,1
51d4b6c8-a1e1-4c9b-8f2a-000000000001,2026-09-06T03:20:30,1.795,1.72,1.777,1,1,1
51d4b6c8-a1e1-4c9b-8f2a-000000000001,2026-09-06T05:56:32,1.806,1.731,1.788,1,1,1
51d4b6c8-a1e1-4c9b-8f2a-000000000001,2026-09-06T08:54:26,1.824,1.749,1.801,1,1,1
51d4b6c8-a1e1-4c9b-8f2a-000000000001,2026-09-06T12:32:47,1.808,1.733,1.789,1,1,1
51d4b6c8-a1e1-4c9b-8f2a-000000000001,2026-09-06T16:06:24,1.763,1.688,1.749,1,1,1
51d4b6c8-a1e1-4c9b-8f2a-000000000001,2026-09-06T18:58:31,1.755,1.68,1.735,1,1,1
51d4b6c8-a1e1-4c9b-8f2a-000000000001,2026-09-06T22:49:57,1.75,1.675,1.729,1,1,1
51d4b6c8-a1e1-4c9b-8f2a-000000000001,2026-09-07T01:52:53,1.763,1.688,1.743,1,1,1
51d4b6c8-a1e1-4c9b-8f2a-000000000001,2026-09-07T05:13:43,1.798,1.723,1.777,1,1,1
51d4b6c8-a1e1-4c9b-8f2a-000000000001,2026-09-07T08:22:45,1.806,1.731,1.788,1,1,1
51d4b6c8-a1e1-4c9b-8f2a-000000000001,2026-09-07T11:19:51,1.792,1.717,1.771,1,1,1
51d4b6c8-a1e1-4c9b-8f2a-000000000001,2026-09-07T14:07:40,1.769,1.694,1.747,1,1,1
51d4b6c8-a1e1-4c9b-8f2a-000000000001,2026-09-07T16:55:06,1.737,1.662,1.713,1,1,1
51d4b6c8-a1e1-4c9b-8f2a-000000000001,2026-09-07T19:58:01,1.736,1.661,1.715,1,0,1
51d4b6c8-a1e1-4c9b-8f2a-000000000001,2026-09-07T22:11:31,1.732,1.657,1.714,1,1,1
51d4b6c8-a1e1-4c9b-8f2a-000000000001,2026-09-08T00:52:52,1.724,1.649,1.701,1,1,1
51d4b6c8-a1e1-4c9b-8f2a-000000000001,2026-09-08T04:29:12,1.76,1.685,1.743,1,1,1
51d4b6c8-a1e1-4c9b-8f2a-000000000001,2026-09-08T06:57:13,1.779,1.704,1.763,1,1,1
51d4b6c8-a1e1-4c9b-8f2a-000000000001,2026-09-08T09:26:23,1.791,1.716,1.776,1,1,1
51d4b6c8-a1e1-4c9b-8f2a-000000000001,2026-09-08T12:00:54,1.774,1.699,1.751,1,1,1
51d4b6c8-a1e1-4c9b-8f2a-000000000001,2026-09-08T15:29:42,1.735,1.66,1.714,1,1,1
51d4b6c8-a1e1-4c9b-8f2a-000000000001,2026-09-08T18:35:34,1.706,1.631,1.685,1,1,1
51d4b6c8-a1e1-4c9b-8f2a-000000000001,2026-09-08T22:24:17,1.713,1.638,1.694,1,1,1
51d4b6c8-a1e1-4c9b-8f2a-000000000001,2026-09-09T00:48:22,1.721,1.646,1.702,1,1,1
51d4b6c8-a1e1-4c9b-8f2a-000000000001,2026-09-09T04:07:37,1.762,1.687,1.74,1,1,1
51d4b6c8-a1e1-4c9b-8f2a-000000000001,2026-09-09T06:20:34,1.778,1.703,1.762,1,1,1
51d4b6c8-a1e1-4c9b-8f2a-000000000001,2026-09-09T09:45:44,1.768,1.693,1.748,1,1,1
51d4b6c8-a1e1-4c9b-8f2a-000000000001,2026-09-09T11:56:17,1.776,1.701,1.756,1,1,1
51d4b6c8-a1e1-4c9b-8f2a-000000000001,2026-09-09T15:46:58,1.725,1.65,1.705,1,1,1
51d4b6c8-a1e1-4c9b-8f2a-000000000001,2026-09-09T17:49:10,1.712,1.637,1.7,1,1,1
51d4b6c8-a1e1-4c9b-8f2a-000000000001,2026-09-09T20:22:16,1.704,1.629,1.687,1,1,1
51d4b6c8-a1e1-4c9b-8f2a-000000000001,2026-09-10T00:22:16,1.736,1.661,1.717,1,1,1
51d4b6c8-a1e1-4c9b-8f2a-000000000001,2026-09-10T03:09:24,1.765,1.69,1.742,1,1,1
51d4b6c8-a1e1-4c9b-8f2a-000000000001,2026-09-10T06:30:46,1.785,1.71,1.763,1,1,1
51d4b6c8-a1e1-4c9b-8f2a-000000000001,2026-09-10T09:08:15,1.79,1.715,1.771,1,1,1
51d4b6c8-a1e1-4c9b-8f2a-000000000001,2026-09-10T12:26:33,1.769,1.694,1.752,1,1,1
51d4b6c8-a1e1-4c9b-8f2a-000000000001,2026-09-10T16:14:23,1.732,1.657,1.715,1,1,1
51d4b6c8-a1e1-4c9b-8f2a-000000000001,2026-09-10T19:46:47,1.718,1.643,1.701,1,1,1
51d4b6c8-a1e1-4c9b-8f2a-000000000002,2026-05-13T23:00:00,1.755,1.68,1.733,1,1,1
51d4b6c8-a1e1-4c9b-8f2a-000000000002,2026-05-14T01:03:32,1.784,1.709,1.763,1,1,1
51d4b6c8-a1e1-4c9b-8f2a-000000000002,2026-05-14T04:42:08,1.805,1.73,1.783,1,1,1
51d4b6c8-a1e1-4c9b-8f2a-000000000002,2026-05-14T07:04:41,1.822,1.747,1.799,1,1,1
51d4b6c8-a1e1-4c9b-8f2a-000000000002,2026-05-14T10:18:10,1.816,1.741,1.797,1,1,1
51d4b6c8-a1e1-4c9b-8f2a-000000000002,2026-05-14T12:27:42,1.801,1.726,1.777,1,1,1
51d4b6c8-a1e1-4c9b-8f2a-000000000002,2026-05-14T14:49:47,1.784,1.709,1.764,1,1,1
51d4b6c8-a1e1-4c9b-8f2a-000000000002,2026-05-14T17:16:56,1.762,1.687,1.744,1,1,1
51d4b6c8-a1e1-4c9b-8f2a-000000000002,2026-05-14T20:37:30,1.746,1.671,1.728,1,1,1
51d4b6c8-a1e1-4c9b-8f2a-000000000002,2026-05-15T00:32:04,1.774,1.699,1.758,1,1,1
51d4b6c8-a1e1-4c9b-8f2a-000000000002,2026-05-15T03:23:22,1.789,1.714,1.765,1,1,1
51d4b6c8-a1e1-4c9b-8f2a-000000000002,2026-05-15T06:49:47,1.817,1.742,1.793,1,1,1
51d4b6c8-a1e1-4c9b-8f2a-000000000002,2026-05-15T10:14:17,1.814,1.739,1.796,1,1,1
51d4b6c8-a1e1-4c9b-8f2a-000000000002,2026-05-15T13:59:37,1.789,1.714,1.769,1,1,1
51d4b6c8-a1e1-4c9b-8f2a-000000000002,2026-05-15T16:46:06,1.767,1.692,1.746,1,1,1
51d4b6c8-a1e1-4c9b-8f2a-000000000002,2026-05-15T19:38:51,1.746,1.671,1.728,1,1,1
51d4b6c8-a1e1-4c9b-8f2a-000000000002,2026-05-15T23:29:08,1.766,1.691,1.744,1,1,1
51d4b6c8-a1e1-4c9b-8f2a-000000000002,2026-05-16T02:46:40,1.799,1.724,1.773,1,1,1
51d4b6c8-a1e1-4c9b-8f2a-000000000002,2026-05-16T05:52:14,1.818,1.743,1.799,1,1,1
51d4b6c8-a1e1-4c9b-8f2a-000000000002,2026-05-16T08:46:41,1.828,1.753,1.81,1,1,1
51d4b6c8-a1e1-4c9b-8f2a-000000000002,2026-05-16T12:04:30,1.82,1.745,1.804,1,1,1
51d4b6c8-a1e1-4c9b-8f2a-000000000002,2026-05-16T14:15:27,1.793,1.718,1.771,1,1,1
51d4b6c8-a1e1-4c9b-8f2a-000000000002,2026-05-16T18:12:28,1.767,1.692,1.75,1,1,1
51d4b6c8-a1e1-4c9b-8f2a-000000000002,2026-05-16T20:17:44,1.764,1.689,1.745,1,1,1
51d4b6c8-a1e1-4c9b-8f2a-000000000002,2026-05-16T22:35:06,1.767,1.692,1.748,1,1,1
51d4b6c8-a1e1-4c9b-8f2a-000000000002,2026-05-17T02:02:43,1.799,1.724,1.785,1,1,1
51d4b6c8-a1e1-4c9b-8f2a-000000000002,2026-05-17T04:03:08,1.818,1.743,1.798,1,1,1
51d4b6c8-a1e1-4c9b-8f2a-000000000002,2026-05-17T07:02:58,1.826,1.751,1.807,1,1,1
51d4b6c8-a1e1-4c9b-8f2a-000000000002,2026-05-17T09:57:25,1.834,1.759,1.814,1,1,1
51d4b6c8-a1e1-4c9b-8f2a-000000000002,2026-05-17T13:43:17,1.815,1.74,1.795,1,1,1
51d4b6c8-a1e1-4c9b-8f2a-000000000002,2026-05-17T15:49:53,1.793,1.718,1.774,1,1,1
51d4b6c8-a1e1-4c9b-8f2a-000000000002,2026-05-17T18:59:16,1.767,1.692,1.755,1,1,1
51d4b6c8-a1e1-4c9b-8f2a-000000000002,2026-05-17T21:18:37,1.768,1.693,1.744,1,1,1
51d4b6c8-a1e1-4c9b-8f2a-000000000002,2026-05-18T00:27:18,1.765,1.69,1.744,1,1,0
51d4b6c8-a1e1-4c9b-8f2a-000000000002,2026-05-18T03:59:31,1.802,1.727,1.778,1,1,1
51d4b6c8-a1e1-4c9b-8f2a-000000000002,2026-05-18T07:30:32,1.82,1.745,1.804,1,1,1
51d4b6c8-a1e1-4c9b-8f2a-000000000002,2026-05-18T10:10:02,1.822,1.747,1.804,1,1,0
51d4b6c8-a1e1-4c9b-8f2a-000000000002,2026-05-18T12:17:01,1.797,1.722,1.781,1,1,1
51d4b6c8-a1e1-4c9b-8f2a-000000000002,2026-05-18T15:29:35,1.776,1.701,1.753,1,1,1
51d4b6c8-a1e1-4c9b-8f2a-000000000002,2026-05-18T19:11:20,1.758,1.683,1.741,1,1,1
51d4b6c8-a1e1-4c9b-8f2a-000000000002,2026-05-18T22:10:54,1.747,1.672,1.727,1,1,1
51d4b6c8-a1e1-4c9b-8f2a-000000000002,2026-05-19T01:56:56,1.765,1.69,1.747,1,1,1
51d4b6c8-a1e1-4c9b-8f2a-000000000002,2026-05-19T05:32:33,1.798,1.723,1.782,1,1,1
51d4b6c8-a1e1-4c9b-8f2a-000000000002,2026-05-19T08:22:18,1.811,1.736,1.792,1,1,1
51d4b6c8-a1e1-4c9b-8f2a-000000000002,2026-05-19T11:45:06,1.806,1.731,1.787,1,1,1
51d4b6c8-a1e1-4c9b-8f2a-000000000002,2026-05-19T14:51:06,1.776,1.701,1.753,1,1,1
51d4b6c8-a1e1-4c9b-8f2a-000000000002,2026-05-19T18:46:19,1.752,1.677,1.738,1,1,1
51d4b6c8-a1e1-4c9b-8f2a-000000000002,2026-05-19T22:36:59,1.748,1.673,1.729,1,1,1
51d4b6c8-a1e1-4c9b-8f2a-000000000002,2026-05-20T01:32:16,1.771,1.696,1.749,1,1,1
51d4b6c8-a1e1-4c9b-8f2a-000000000002,2026-05-20T05:09:58,1.802,1.727,1.778,1,1,1
51d4b6c8-a1e1-4c9b-8f2a-000000000002,2026-05-20T08:16:35,1.808,1.733,1.787,1,1,1
51d4b6c8-a1e1-4c9b-8f2a-000000000002,2026-05-20T12:06:31,1.792,1.717,1.774,1,1,1
51d4b6c8-a1e1-4c9b-8f2a-000000000002,2026-05-20T14:51:33,1.777,1.702,1.761,1,1,1
51d4b6c8-a1e1-4c9b-8f2a-000000000002,2026-05-20T17:14:02,1.758,1.683,1.74,1,1,1
51d4b6c8-a1e1-4c9b-8f2a-000000000002,2026-05-20T19:46:37,1.743,1.668,1.721,1,1,1
51d4b6c8-a1e1-4c9b-8f2a-000000000002,2026-05-20T23:26:09,1.754,1.679,1.733,1,1,1
51d4b6c8-a1e1-4c9b-8f2a-000000000002,2026-05-21T01:50:24,1.766,1.691,1.746,1,1,1
51d4b6c8-a1e1-4c9b-8f2a-000000000002,2026-05-21T05:39:00,1.811,1.736,1.793,1,1,1
51d4b6c8-a1e1-4c9b-8f2a-000000000002,2026-05-21T08:18:17,1.826,1.751,1.811,1,1,1
51d4b6c8-a1e1-4c9b-8f2a-000000000002,2026-05-21T11:20:13,1.809,1.734,1.784,1,1,1
51d4b6c8-a1e1-4c9b-8f2a-000000000002,2026-05-21T13:34:07,1.804,1.729,1.785,1,1,0
51d4b6c8-a1e1-4c9b-8f2a-000000000002,2026-05-21T17:18:45,1.767,1.692,1.748,1,1,1
51d4b6c8-a1e1-4c9b-8f2a-000000000002,2026-05-21T19:21:26,1.745,1.67,1.723,1,1,1
51d4b6c8-a1e1-4c9b-8f2a-000000000002,2026-05-21T21:45:30,1.751,1.676,1.73,1,1,1
51d4b6c8-a1e1-4c9b-8f2a-000000000002,2026-05-22T00:04:24,1.778,1.703,1.757,1,1,1
51d4b6c8-a1e1-4c9b-8f2a-000000000002,2026-05-22T02:16:42,1.786,1.711,1.771,1,1,1
51d4b6c8-a1e1-4c9b-8f2a-000000000002,2026-05-22T05:25:35,1.807,1.732,1.793,1,1,1
51d4b6c8-a1e1-4c9b-8f2a-000000000002,2026-05-22T08:30:27,1.822,1.747,1.804,1,1,1
51d4b6c8-a1e1-4c9b-8f2a-000000000002,2026-05-22T10:40:47,1.815,1.74,1.789,1,1,1
51d4b6c8-a1e1-4c9b-8f2a-000000000002,2026-05-22T13:56:19,1.791,1.716,1.77,1,1,1
51d4b6c8-a1e1-4c9b-8f2a-000000000002,2026-05-22T17:27:20,1.771,1.696,1.754,1,1,1
51d4b6c8-a1e1-4c9b-8f2a-000000000002,2026-05-22T20:59:04,1.751,1.676,1.73,1,1,1
51d4b6c8-a1e1-4c9b-8f2a-000000000002,2026-05-22T23:36:19,1.762,1.687,1.738,1,1,1
51d4b6c8-a1e1-4c9b-8f2a-000000000002,2026-05-23T03:30:00,1.812,1.737,1.791,1,1,1
51d4b6c8-a1e1-4c9b-8f2a-000000000002,2026-05-23T07:20:04,1.833,1.758,1.811,1,1,1
51d4b6c8-a1e1-4c9b-8f2a-000000000002,2026-05-23T10:18:35,1.83,1.755,1.811,1,1,0
51d4b6c8-a1e1-4c9b-8f2a-000000000002,2026-05-23T13:00:25,1.802,1.727,1.782,1,1,1
51d4b6c8-a1e1-4c9b-8f2a-000000000002,2026-05-23T16:26:07,1.785,1.71,1.764,1,1,1
51d4b6c8-a1e1-4c9b-8f2a-000000000002,2026-05-23T19:36:59,1.768,1.693,1.75,1,1,1
51d4b6c8-a1e1-4c9b-8f2a-000000000002,2026-05-23T22:34:52,1.774,1.699,1.747,1,1,1
51d4b6c8-a1e1-4c9b-8f2a-000000000002,2026-05-24T01:42:56,1.8,1.725,1.778,1,1,1
51d4b6c8-a1e1-4c9b-8f2a-000000000002,2026-05-24T05:03:17,1.828,1.753,1.811,1,1,1
51d4b6c8-a1e1-4c9b-8f2a-000000000002,2026-05-24T07:42:20,1.842,1.767,1.823,1,1,1
51d4b6c8-a1e1-4c9b-8f2a-000000000002,2026-05-24T10:31:02,1.835,1.76,1.817,1,1,1
51d4b6c8-a1e1-4c9b-8f2a-000000000002,2026-05-24T13:48:26,1.816,1.741,1.798,1,1,1
51d4b6c8-a1e1-4c9b-8f2a-000000000002,2026-05-24T16:58:07,1.782,1.707,1.76,1,1,1
51d4b6c8-a1e1-4c9b-8f2a-000000000002,2026-05-24T19:33:06,1.768,1.693,1.749,1,1,1
51d4b6c8-a1e1-4c9b-8f2a-000000000002,2026-05-24T23:18:24,1.785,1.71,1.772,1,1,1
51d4b6c8-a1e1-4c9b-8f2a-000000000002,2026-05-25T02:44:32,1.793,1.718,1.773,1,1,0
51d4b6c8-a1e1-4c9b-8f2a-000000000002,2026-05-25T05:57:54,1.807,1.732,1.793,1,1,1
51d4b6c8-a1e1-4c9b-8f2a-000000000002,2026-05-25T09:54:03,1.853,1.778,1.834,1,1,1
51d4b6c8-a1e1-4c9b-8f2a-000000000002,2026-05-25T12:45:52,1.831,1.756,1.808,1,1,1
51d4b6c8-a1e1-4c9b-8f2a-000000000002,2026-05-25T15:11:12,1.812,1.737,1.795,1,1,1
51d4b6c8-a1e1-4c9b-8f2a-000000000002,2026-05-25T18:52:24,1.789,1.714,1.77,1,1,1
51d4b6c8-a1e1-4c9b-8f2a-000000000002,2026-05-25T20:53:48,1.785,1.71,1.77,1,1,0
51d4b6c8-a1e1-4c9b-8f2a-000000000002,2026-05-26T00:12:45,1.784,1.709,1.766,0,0,1
51d4b6c8-a1e1-4c9b-8f2a-000000000002,2026-05-26T03:59:59,1.811,1.736,1.79,1,1,1
51d4b6c8-a1e1-4c9b-8f2a-000000000002,2026-05-26T06:54:30,1.827,1.752,1.807,1,1,1
51d4b6c8-a1e1-4c9b-8f2a-000000000002,2026-05-26T08:55:24,1.83,1.755,1.805,1,1,1
51d4b6c8-a1e1-4c9b-8f2a-000000000002,2026-05-26T11:27:42,1.821,1.746,1.804,1,1,0
51d4b6c8-a1e1-4c9b-8f2a-000000000002,2026-05-26T14:11:56,1.801,1.726,1.781,1,1,1
51d4b6c8-a1e1-4c9b-8f2a-000000000002,2026-05-26T17:39:34,1.768,1.693,1.748,1,1,1
51d4b6c8-a1e1-4c9b-8f2a-000000000002,2026-05-26T20:42:22,1.763,1.688,1.747,1,1,0
51d4b6c8-a1e1-4c9b-8f2a-000000000002,2026-05-27T00:02:01,1.771,1.696,1.748,1,1,0
51d4b6c8-a1e1-4c9b-8f2a-000000000002,2026-05-27T03:50:26,1.806,1.731,1.786,1,1,1
51d4b6c8-a1e1-4c9b-8f2a-000000000002,2026-05-27T07:39:10,1.822,1.747,1.805,1,1,1
51d4b6c8-a1e1-4c9b-8f2a-000000000002,2026-05-27T09:59:16,1.821,1.746,1.8,1,1,1
51d4b6c8-a1e1-4c9b-8f2a-000000000002,2026-05-27T13:33:28,1.804,1.729,1.781,1,1,1
51d4b6c8-a1e1-4c9b-8f2a-000000000002,2026-05-27T16:08:29,1.775,1.7,1.756,1,1,1
51d4b6c8-a1e1-4c9b-8f2a-000000000002,2026-05-27T18:23:42,1.765,1.69,1.743,1,1,1
51d4b6c8-a1e1-4c9b-8f2a-000000000002,2026-05-27T20:54:32,1.749,1.674,1.725,1,1,1
51d4b6c8-a1e1-4c9b-8f2a-000000000002,2026-05-28T00:23:13,1.777,1.702,1.758,1,1,1
51d4b6c8-a1e1-4c9b-8f2a-000000000002,2026-05-28T02:44:54,1.807,1.732,1.789,1,1,1
51d4b6c8-a1e1-4c9b-8f2a-000000000002,2026-05-28T06:40:59,1.818,1.743,1.798,1,1,1
51d4b6c8-a1e1-4c9b-8f2a-000000000002,2026-05-28T09:26:58,1.823,1.748,1.801,1,1,1
51d4b6c8-a1e1-4c9b-8f2a-000000000002,2026-05-28T12:36:18,1.806,1.731,1.787,1,1,1
51d4b6c8-a1e1-4c9b-8f2a-000000000002,2026-05-28T15:31:59,1.771,1.696,1.752,1,1,1
51d4b6c8-a1e1-4c9b-8f2a-000000000002,2026-05-28T19:22:41,1.762,1.687,1.742,1,1,1
51d4b6c8-a1e1-4c9b-8f2a-000000000002,2026-05-28T22:14:51,1.764,1.689,1.741,1,1,0
51d4b6c8-a1e1-4c9b-8f2a-000000000002,2026-05-29T00:52:44,1.78,1.705,1.757,1,1,1
51d4b6c8-a1e1-4c9b-8f2a-000000000002,2026-05-29T04:34:02,1.814,1.739,1.792,1,1,1
51d4b6c8-a1e1-4c9b-8f2a-000000000002,2026-05-29T07:06:29,1.83,1.755,1.806,1,1,1
51d4b6c8-a1e1-4c9b-8f2a-000000000002,2026-05-29T09:35:29,1.835,1.76,1.811,1,1,1
51d4b6c8-a1e1-4c9b-8f2a-000000000002,2026-05-29T12:56:49,1.82,1.745,1.801,1,1,1
51d4b6c8-a1e1-4c9b-8f2a-000000000002,2026-05-29T15:46:10,1.792,1.717,1.769,1,1,1
51d4b6c8-a1e1-4c9b-8f2a-000000000002,2026-05-29T19:13:12,1.77,1.695,1.753,1,1,1
51d4b6c8-a1e1-4c9b-8f2a-000000000002,2026-05-29T23:00:28,1.777,1.702,1.757,1,1,1
51d4b6c8-a1e1-4c9b-8f2a-000000000002,2026-05-30T02:55:25,1.817,1.742,1.797,1,1,1
51d4b6c8-a1e1-4c9b-8f2a-000000000002,2026-05-30T06:31:48,1.842,1.767,1.824,1,1,1
51d4b6c8-a1e1-4c9b-8f2a-000000000002,2026-05-30T09:07:08,1.842,1.767,1.827,0,0,1
51d4b6c8-a1e1-4c9b-8f2a-000000000002,2026-05-30T12:30:12,1.827,1.752,1.805,1,1,1
51d4b6c8-a1e1-4c9b-8f2a-000000000002,2026-05-30T16:03:54,1.793,1.718,1.776,1,1,1
51d4b6c8-a1e1-4c9b-8f2a-000000000002,2026-05-30T19:41:26,1.786,1.711,1.769,1,1,1
51d4b6c8-a1e1-4c9b-8f2a-000000000002,2026-05-30T22:05:31,1.78,1.705,1.757,1,1,1
51d4b6c8-a1e1-4c9b-8f2a-000000000002,2026-05-31T01:19:11,1.797,1.722,1.778,1,1,1
51d4b6c8-a1e1-4c9b-8f2a-000000000002,2026-05-31T03:23:22,1.825,1.75,1.808,1,1,1
51d4b6c8-a1e1-4c9b-8f2a-000000000002,2026-05-31T06:41:43,1.786,1.711,1.771,1,1,1
51d4b6c8-a1e1-4c9b-8f2a-000000000002,2026-05-31T10:30:16,1.782,1.707,1.759,1,1,1
51d4b6c8-a1e1-4c9b-8f2a-000000000002,2026-05-31T14:11:33,1.755,1.68,1.732,1,1,1
51d4b6c8-a1e1-4c9b-8f2a-000000000002,2026-05-31T16:11:57,1.739,1.664,1.713,1,1,1
51d4b6c8-a1e1-4c9b-8f2a-000000000002,2026-05-31T18:55:01,1.721,1.646,1.704,1,1,1
51d4b6c8-a1e1-4c9b-8f2a-000000000002,2026-05-31T22:50:05,1.731,1.656,1.714,1,1,1
51d4b6c8-a1e1-4c9b-8f2a-000000000002,2026-06-01T02:22:04,1.748,1.673,1.729,1,1,1
51d4b6c8-a1e1-4c9b-8f2a-000000000002,2026-06-01T05:08:10,1.779,1.704,1.757,1,1,1
51d4b6c8-a1e1-4c9b-8f2a-000000000002,2026-06-01T07:18:21,1.781,1.706,1.759,1,1,1
51d4b6c8-a1e1-4c9b-8f2a-000000000002,2026-06-01T09:41:31,1.775,1.7,1.759,1,1,0
51d4b6c8-a1e1-4c9b-8f2a-000000000002,2026-06-01T12:18:27,1.767,1.692,1.745,1,1,1
51d4b6c8-a1e1-4c9b-8f2a-000000000002,2026-06-01T16:17:57,1.731,1.656,1.713,1,1,1
51d4b6c8-a1e1-4c9b-8f2a-000000000002,2026-06-01T19:54:48,1.709,1.634,1.69,1,1,1
51d4b6c8-a1e1-4c9b-8f2a-000000000002,2026-06-01T23:39:42,1.731,1.656,1.712,1,1,1
51d4b6c8-a1e1-4c9b-8f2a-000000000002,2026-06-02T02:58:10,1.738,1.663,1.717,1,1,1
51d4b6c8-a1e1-4c9b-8f2a-000000000002,2026-06-02T06:22:19,1.77,1.695,1.748,1,1,1
51d4b6c8-a1e1-4c9b-8f2a-000000000002,2026-06-02T09:17:04,1.769,1.694,1.746,1,1,1
51d4b6c8-a1e1-4c9b-8f2a-000000000002,2026-06-02T11:29:49,1.762,1.687,1.743,1,1,1
51d4b6c8-a1e1-4c9b-8f2a-000000000002,2026-06-02T15:07:12,1.724,1.649,1.702,1,1,1
51d4b6c8-a1e1-4c9b-8f2a-000000000002,2026-06-02T19:04:19,1.699,1.624,1.68,1,1,1
51d4b6c8-a1e1-4c9b-8f2a-000000000002,2026-06-02T22:15:29,1.701,1.626,1.682,1,1,1
51d4b6c8-a1e1-4c9b-8f2a-000000000002,2026-06-03T01:05:18,1.713,1.638,1.694,1,1,1
51d4b6c8-a1e1-4c9b-8f2a-000000000002,2026-06-03T03:17:18,1.73,1.655,1.707,1,1,1
51d4b6c8-a1e1-4c9b-8f2a-000000000002,2026-06-03T05:19:10,1.751,1.676,1.735,1,1,1
51d4b6c8-a1e1-4c9b-8f2a-000000000002,2026-06-03T09:05:36,1.764,1.689,1.74,1,1,1
51d4b6c8-a1e1-4c9b-8f2a-000000000002,2026-06-03T12:28:41,1.752,1.677,1.726,1,1,1
51d4b6c8-a1e1-4c9b-8f2a-000000000002,2026-06-03T15:41:57,1.725,1.65,1.708,1,1,1
51d4b6c8-a1e1-4c9b-8f2a-000000000002,2026-06-03T19:35:59,1.69,1.615,1.673,1,1,1
51d4b6c8-a1e1-4c9b-8f2a-000000000002,2026-06-03T21:50:05,1.699,1.624,1.68,1,1,1
51d4b6c8-a1e1-4c9b-8f2a-000000000002,2026-06-04T01:21:25,1.726,1.651,1.705,1,1,1
51d4b6c8-a1e1-4c9b-8f2a-000000000002,2026-06-04T03:44:40,1.739,1.664,1.712,1,1,1
51d4b6c8-a1e1-4c9b-8f2a-000000000002,2026-06-04T06:41:36,1.772,1.697,1.75,1,1,1
51d4b6c8-a1e1-4c9b-8f2a-000000000002,2026-06-04T09:33:45,1.77,1.695,1.746,1,1,1
51d4b6c8-a1e1-4c9b-8f2a-000000000002,2026-06-04T11:38:57,1.75,1.675,1.73,1,1,1
51d4b6c8-a1e1-4c9b-8f2a-000000000002,2026-06-04T13:52:53,1.739,1.664,1.715,1,1,1
51d4b6c8-a1e1-4c9b-8f2a-000000000002,2026-06-04T16:32:00,1.721,1.646,1.701,1,1,1
51d4b6c8-a1e1-4c9b-8f2a-000000000002,2026-06-04T18:43:46,1.702,1.627,1.68,1,1,1
51d4b6c8-a1e1-4c9b-8f2a-000000000002,2026-06-04T21:10:15,1.694,1.619,1.679,1,1,0
51d4b6c8-a1e1-4c9b-8f2a-000000000002,2026-06-05T00:04:51,1.731,1.656,1.715,1,1,1
51d4b6c8-a1e1-4c9b-8f2a-000000000002,2026-06-05T03:20:41,1.755,1.68,1.734,1,1,1
51d4b6c8-a1e1-4c9b-8f2a-000000000002,2026-06-05T05:37:04,1.767,1.692,1.748,1,1,1
51d4b6c8-a1e1-4c9b-8f2a-000000000002,2026-06-05T08:18:18,1.779,1.704,1.756,1,1,1
51d4b6c8-a1e1-4c9b-8f2a-000000000002,2026-06-05T10:38:41,1.776,1.701,1.755,1,1,1
51d4b6c8-a1e1-4c9b-8f2a-000000000002,2026-06-05T14:21:32,1.738,1.663,1.719,1,1,1
51d4b6c8-a1e1-4c9b-8f2a-000000000002,2026-06-05T17:49:08,1.71,1.635,1.693,1,1,1
51d4b6c8-a1e1-4c9b-8f2a-000000000002,2026-06-05T20:58:40,1.699,1.624,1.679,1,1,1
51d4b6c8-a1e1-4c9b-8f2a-000000000002,2026-06-06T00:56:17,1.721,1.646,1.702,1,1,1
51d4b6c8-a1e1-4c9b-8f2a-000000000002,2026-06-06T03:00:19,1.75,1.675,1.732,1,1,1
51d4b6c8-a1e1-4c9b-8f2a-000000000002,2026-06-06T05:29:11,1.771,1.696,1.751,1,1,1
51d4b6c8-a1e1-4c9b-8f2a-000000000002,2026-06-06T09:23:10,1.777,1.702,1.76,1,1,1
51d4b6c8-a1e1-4c9b-8f2a-000000000002,2026-06-06T11:59:45,1.772,1.697,1.748,1,1,1
51d4b6c8-a1e1-4c9b-8f2a-000000000002,2026-06-06T14:02:41,1.74,1.665,1.716,1,1,1
51d4b6c8-a1e1-4c9b-8f2a-000000000002,2026-06-06T16:47:08,1.718,1.643,1.694,1,1,1
51d4b6c8-a1e1-4c9b-8f2a-000000000002,2026-06-06T18:55:37,1.71,1.635,1.688,1,1,1
51d4b6c8-a1e1-4c9b-8f2a-000000000002,2026-06-06T22:49:09,1.715,1.64,1.69,1,1,1
51d4b6c8-a1e1-4c9b-8f2a-000000000002,2026-06-07T00:58:52,1.728,1.653,1.712,1,1,1
51d4b6c8-a1e1-4c9b-8f2a-000000000002,2026-06-07T04:45:25,1.763,1.688,1.746,1,1,1
51d4b6c8-a1e1-4c9b-8f2a-000000000002,2026-06-07T07:29:17,1.789,1.714,1.768,1,1,1
51d4b6c8-a1e1-4c9b-8f2a-000000000002,2026-06-07T11:27:02,1.777,1.702,1.759,1,1,1
51d4b6c8-a1e1-4c9b-8f2a-000000000002,2026-06-07T15:19:44,1.729,1.654,1.709,1,1,1
51d4b6c8-a1e1-4c9b-8f2a-000000000002,2026-06-07T18:02:04,1.71,1.635,1.687,1,1,1
51d4b6c8-a1e1-4c9b-8f2a-000000000002,2026-06-07T20:09:40,1.708,1.633,1.692,1,1,1
51d4b6c8-a1e1-4c9b-8f2a-000000000002,2026-06-07T23:31:04,1.717,1.642,1.701,1,1,1
51d4b6c8-a1e1-4c9b-8f2a-000000000002,2026-06-08T03:07:03,1.741,1.666,1.726,1,1,1
51d4b6c8-a1e1-4c9b-8f2a-000000000002,2026-06-08T06:02:00,1.769,1.694,1.748,1,1,1
51d4b6c8-a1e1-4c9b-8f2a-000000000002,2026-06-08T09:56:48,1.774,1.699,1.747,1,1,0
51d4b6c8-a1e1-4c9b-8f2a-000000000002,2026-06-08T12:59:17,1.753,1.678,1.74,1,1,1
51d4b6c8-a1e1-4c9b-8f2a-000000000002,2026-06-08T16:04:15,1.725,1.65,1.703,1,1,1
51d4b6c8-a1e1-4c9b-8f2a-000000000002,2026-06-08T18:11:48,1.709,1.634,1.696,1,1,1
51d4b6c8-a1e1-4c9b-8f2a-000000000002,2026-06-08T21:29:10,1.704,1.629,1.682,1,1,1
51d4b6c8-a1e1-4c9b-8f2a-000000000002,2026-06-09T00:52:47,1.703,1.628,1.684,0,1,1
51d4b6c8-a1e1-4c9b-8f2a-000000000002,2026-06-09T03:08:37,1.731,1.656,1.703,1,1,1
51d4b6c8-a1e1-4c9b-8f2a-000000000002,2026-06-09T06:40:59,1.753,1.678,1.736,1,1,1
51d4b6c8-a1e1-4c9b-8f2a-000000000002,2026-06-09T09:00:57,1.76,1.685,1.745,1,1,1
51d4b6c8-a1e1-4c9b-8f2a-000000000002,2026-06-09T12:24:06,1.747,1.672,1.729,1,1,1
51d4b6c8-a1e1-4c9b-8f2a-000000000002,2026-06-09T14:29:02,1.729,1.654,1.711,1,1,1
51d4b6c8-a1e1-4c9b-8f2a-000000000002,2026-06-09T16:33:12,1.711,1.636,1.693,1,1,1
51d4b6c8-a1e1-4c9b-8f2a-000000000002,2026-06-09T19:37:59,1.701,1.626,1.678,1,1,1
51d4b6c8-a1e1-4c9b-8f2a-000000000002,2026-06-09T21:55:26,1.699,1.624,1.679,1,1,1
51d4b6c8-a1e1-4c9b-8f2a-000000000002,2026-06-10T01:24:03,1.724,1.649,1.702,1,1,1
51d4b6c8-a1e1-4c9b-8f2a-000000000002,2026-06-10T05:17:20,1.757,1.682,1.736,1,1,1
51d4b6c8-a1e1-4c9b-8f2a-000000000002,2026-06-10T08:25:09,1.769,1.694,1.748,1,1,1
51d4b6c8-a1e1-4c9b-8f2a-000000000002,2026-06-10T10:41:53,1.76,1.685,1.743,1,1,1
51d4b6c8-a1e1-4c9b-8f2a-000000000002,2026-06-10T14:22:48,1.731,1.656,1.708,1,1,1
51d4b6c8-a1e1-4c9b-8f2a-000000000002,2026-06-10T16:49:27,1.71,1.635,1.69,1,1,1
51d4b6c8-a1e1-4c9b-8f2a-000000000002,2026-06-10T19:54:04,1.692,1.617,1.67,1,1,1
51d4b6c8-a1e1-4c9b-8f2a-000000000002,2026-06-10T22:32:11,1.702,1.627,1.679,1,1,1
51d4b6c8-a1e1-4c9b-8f2a-000000000002,2026-06-11T01:15:31,1.732,1.657,1.711,1,1,1
51d4b6c8-a1e1-4c9b-8f2a-000000000002,2026-06-11T03:57:41,1.747,1.672,1.726,1,1,1
51d4b6c8-a1e1-4c9b-8f2a-000000000002,2026-06-11T07:25:01,1.767,1.692,1.746,1,1,1
51d4b6c8-a1e1-4c9b-8f2a-000000000002,2026-06-11T11:21:28,1.76,1.685,1.739,1,1,1
51d4b6c8-a1e1-4c9b-8f2a-000000000002,2026-06-11T14:31:56,1.736,1.661,1.722,1,1,1
51d4b6c8-a1e1-4c9b-8f2a-000000000002,2026-06-11T16:39:52,1.712,1.637,1.691,1,1,1
51d4b6c8-a1e1-4c9b-8f2a-000000000002,2026-06-11T19:29:00,1.696,1.621,1.675,1,1,1
51d4b6c8-a1e1-4c9b-8f2a-000000000002,2026-06-11T21:45:26,1.69,1.615,1.673,1,1,1
51d4b6c8-a1e1-4c9b-8f2a-000000000002,2026-06-11T23:50:30,1.699,1.624,1.676,1,1,1
51d4b6c8-a1e1-4c9b-8f2a-000000000002,2026-06-12T01:53:43,1.771,1.696,1.747,1,1,1
51d4b6c8-a1e1-4c9b-8f2a-000000000002,2026-06-12T04:08:37,1.797,1.722,1.781,1,1,1
51d4b6c8-a1e1-4c9b-8f2a-000000000002,2026-06-12T06:12:02,1.8,1.725,1.78,1,1,0
51d4b6c8-a1e1-4c9b-8f2a-000000000002,2026-06-12T09:23:54,1.816,1.741,1.796,1,1,1
51d4b6c8-a1e1-4c9b-8f2a-000000000002,2026-06-12T13:20:49,1.787,1.712,1.77,1,1,1
51d4b6c8-a1e1-4c9b-8f2a-000000000002,2026-06-12T15:22:55,1.778,1.703,1.754,1,1,1
51d4b6c8-a1e1-4c9b-8f2a-000000000002,2026-06-12T18:05:48,1.749,1.674,1.732,1,1,1
51d4b6c8-a1e1-4c9b-8f2a-000000000002,2026-06-12T22:00:25,1.756,1.681,1.737,1,1,1
51d4b6c8-a1e1-4c9b-8f2a-000000000002,2026-06-13T01:15:47,1.782,1.707,1.761,1,1,1
51d4b6c8-a1e1-4c9b-8f2a-000000000002,2026-06-13T03:54:30,1.807,1.732,1.787,1,1,1
51d4b6c8-a1e1-4c9b-8f2a-000000000002,2026-06-13T06:38:00,1.824,1.749,1.805,1,1,1
51d4b6c8-a1e1-4c9b-8f2a-000000000002,2026-06-13T08:54:26,1.836,1.761,1.818,1,1,1
51d4b6c8-a1e1-4c9b-8f2a-000000000002,2026-06-13T11:20:35,1.822,1.747,1.797,1,1,1
51d4b6c8-a1e1-4c9b-8f2a-000000000002,2026-06-13T14:27:37,1.782,1.707,1.761,1,1,1
51d4b6c8-a1e1-4c9b-8f2a-000000000002,2026-06-13T18:03:56,1.759,1.684,1.738,1,1,1
51d4b6c8-a1e1-4c9b-8f2a-000000000002,2026-06-13T20:19:40,1.755,1.68,1.737,1,1,0
51d4b6c8-a1e1-4c9b-8f2a-000000000002,2026-06-14T00:18:11,1.78,1.705,1.76,1,1,1
51d4b6c8-a1e1-4c9b-8f2a-000000000002,2026-06-14T02:54:45,1.793,1.718,1.772,1,1,1
51d4b6c8-a1e1-4c9b-8f2a-000000000002,2026-06-14T05:31:38,1.82,1.745,1.8,1,1,1
51d4b6c8-a1e1-4c9b-8f2a-000000000002,2026-06-14T09:03:12,1.826,1.751,1.804,1,1,1
51d4b6c8-a1e1-4c9b-8f2a-000000000002,2026-06-14T11:07:08,1.814,1.739,1.792,1,1,1
51d4b6c8-a1e1-4c9b-8f2a-000000000002,2026-06-14T14:56:10,1.796,1.721,1.777,1,1,1
51d4b6c8-a1e1-4c9b-8f2a-000000000002,2026-06-14T18:08:22,1.767,1.692,1.751,1,1,1
51d4b6c8-a1e1-4c9b-8f2a-000000000002,2026-06-14T20:11:53,1.768,1.693,1.746,1,1,1
51d4b6c8-a1e1-4c9b-8f2a-000000000002,2026-06-14T23:54:30,1.769,1.694,1.747,0,0,1
51d4b6c8-a1e1-4c9b-8f2a-000000000002,2026-06-15T02:02:42,1.78,1.705,1.758,1,1,1
51d4b6c8-a1e1-4c9b-8f2a-000000000002,2026-06-15T04:23:19,1.804,1.729,1.784,1,1,1
51d4b6c8-a1e1-4c9b-8f2a-000000000002,2026-06-15T08:14:13,1.815,1.74,1.795,1,1,1
51d4b6c8-a1e1-4c9b-8f2a-000000000002,2026-06-15T11:35:03,1.813,1.738,1.786,1,1,1
51d4b6c8-a1e1-4c9b-8f2a-000000000002,2026-06-15T14:25:56,1.78,1.705,1.758,1,1,1
51d4b6c8-a1e1-4c9b-8f2a-000000000002,2026-06-15T17:28:18,1.756,1.681,1.738,1,1,1
51d4b6c8-a1e1-4c9b-8f2a-000000000002,2026-06-15T20:54:58,1.752,1.677,1.728,1,1,1
51d4b6c8-a1e1-4c9b-8f2a-000000000002,2026-06-16T00:17:24,1.755,1.68,1.738,1,1,1
51d4b6c8-a1e1-4c9b-8f2a-000000000002,2026-06-16T04:15:36,1.788,1.713,1.77,1,1,1
51d4b6c8-a1e1-4c9b-8f2a-000000000002,2026-06-16T06:59:42,1.789,1.714,1.765,0,0,1
51d4b6c8-a1e1-4c9b-8f2a-000000000002,2026-06-16T09:47:16,1.791,1.716,1.767,1,1,1
51d4b6c8-a1e1-4c9b-8f2a-000000000002,2026-06-16T13:44:34,1.771,1.696,1.75,1,1,1
51d4b6c8-a1e1-4c9b-8f2a-000000000002,2026-06-16T16:28:13,1.746,1.671,1.724,1,1,1
51d4b6c8-a1e1-4c9b-8f2a-000000000002,2026-06-16T19:19:11,1.729,1.654,1.703,1,1,1
51d4b6c8-a1e1-4c9b-8f2a-000000000002,2026-06-16T22:30:25,1.724,1.649,1.702,1,1,1
51d4b6c8-a1e1-4c9b-8f2a-000000000002,2026-06-17T02:24:26,1.761,1.686,1.741,1,1,1
51d4b6c8-a1e1-4c9b-8f2a-000000000002,2026-06-17T05:18:59,1.793,1.718,1.774,1,1,1
51d4b6c8-a1e1-4c9b-8f2a-000000000002,2026-06-17T08:47:31,1.799,1.724,1.779,1,1,1
51d4b6c8-a1e1-4c9b-8f2a-000000000002,2026-06-17T11:09:01,1.786,1.711,1.762,1,1,1
51d4b6c8-a1e1-4c9b-8f2a-000000000002,2026-06-17T14:28:21,1.756,1.681,1.736,1,1,1
51d4b6c8-a1e1-4c9b-8f2a-000000000002,2026-06-17T17:03:34,1.733,1.658,1.714,1,1,1
51d4b6c8-a1e1-4c9b-8f2a-000000000002,2026-06-17T19:05:42,1.729,1.654,1.709,1,1,1
51d4b6c8-a1e1-4c9b-8f2a-000000000002,2026-06-17T21:19:59,1.718,1.643,1.7,1,1,1
51d4b6c8-a1e1-4c9b-8f2a-000000000002,2026-06-18T00:39:07,1.743,1.668,1.722,1,1,1
51d4b6c8-a1e1-4c9b-8f2a-000000000002,2026-06-18T03:30:48,1.77,1.695,1.747,1,1,1
51d4b6c8-a1e1-4c9b-8f2a-000000000002,2026-06-18T06:37:15,1.782,1.707,1.762,1,1,1
51d4b6c8-a1e1-4c9b-8f2a-000000000002,2026-06-18T08:56:01,1.794,1.719,1.771,1,1,1
51d4b6c8-a1e1-4c9b-8f2a-000000000002,2026-06-18T12:27:59,1.783,1.708,1.765,1,1,1
51d4b6c8-a1e1-4c9b-8f2a-000000000002,2026-06-18T14:43:22,1.763,1.688,1.744,1,1,1
51d4b6c8-a1e1-4c9b-8f2a-000000000002,2026-06-18T17:29:02,1.734,1.659,1.714,1,1,1
51d4b6c8-a1e1-4c9b-8f2a-000000000002,2026-06-18T19:35:49,1.723,1.648,1.707,1,1,1
51d4b6c8-a1e1-4c9b-8f2a-000000000002,2026-06-18T23:20:05,1.734,1.659,1.718,1,1,1
51d4b6c8-a1e1-4c9b-8f2a-000000000002,2026-06-19T01:24:34,1.755,1.68,1.734,1,1,1
51d4b6c8-a1e1-4c9b-8f2a-000000000002,2026-06-19T04:20:56,1.783,1.708,1.766,1,1,1
51d4b6c8-a1e1-4c9b-8f2a-000000000002,2026-06-19T06:59:38,1.803,1.728,1.784,1,1,1
51d4b6c8-a1e1-4c9b-8f2a-000000000002,2026-06-19T10:37:00,1.805,1.73,1.787,1,1,1
51d4b6c8-a1e1-4c9b-8f2a-000000000002,2026-06-19T14:33:20,1.779,1.704,1.764,1,1,1
51d4b6c8-a1e1-4c9b-8f2a-000000000002,2026-06-19T16:59:01,1.757,1.682,1.741,1,1,1
51d4b6c8-a1e1-4c9b-8f2a-000000000002,2026-06-19T20:35:35,1.729,1.654,1.706,1,1,1
51d4b6c8-a1e1-4c9b-8f2a-000000000002,2026-06-19T23:08:23,1.741,1.666,1.721,1,1,1
51d4b6c8-a1e1-4c9b-8f2a-000000000002,2026-06-20T01:50:03,1.776,1.701,1.754,1,1,1
51d4b6c8-a1e1-4c9b-8f2a-000000000002,2026-06-20T04:27:40,1.802,1.727,1.786,1,1,1
51d4b6c8-a1e1-4c9b-8f2a-000000000002,2026-06-20T07:48:15,1.811,1.736,1.79,1,1,1
51d4b6c8-a1e1-4c9b-8f2a-000000000002,2026-06-20T10:48:09,1.814,1.739,1.788,1,1,1
51d4b6c8-a1e1-4c9b-8f2a-000000000002,2026-06-20T13:20:18,1.78,1.705,1.766,1,1,1
51d4b6c8-a1e1-4c9b-8f2a-000000000002,2026-06-20T16:47:30,1.758,1.683,1.741,1,1,1
51d4b6c8-a1e1-4c9b-8f2a-000000000002,2026-06-20T19:16:21,1.733,1.658,1.708,1,1,1
51d4b6c8-a1e1-4c9b-8f2a-000000000002,2026-06-20T23:05:41,1.754,1.679,1.732,1,1,1
51d4b6c8-a1e1-4c9b-8f2a-000000000002,2026-06-21T01:40:07,1.778,1.703,1.758,1,1,1
51d4b6c8-a1e1-4c9b-8f2a-000000000002,2026-06-21T03:43:27,1.79,1.715,1.774,1,1,1
51d4b6c8-a1e1-4c9b-8f2a-000000000002,2026-06-21T07:42:24,1.816,1.741,1.796,1,1,1
51d4b6c8-a1e1-4c9b-8f2a-000000000002,2026-06-21T11:17:10,1.798,1.723,1.777,1,1,1
51d4b6c8-a1e1-4c9b-8f2a-000000000002,2026-06-21T13:22:14,1.78,1.705,1.762,1,1,1
51d4b6c8-a1e1-4c9b-8f2a-000000000002,2026-06-21T15:57:59,1.776,1.701,1.754,1,1,1
51d4b6c8-a1e1-4c9b-8f2a-000000000002,2026-06-21T19:18:35,1.742,1.667,1.724,1,1,1
51d4b6c8-a1e1-4c9b-8f2a-000000000002,2026-06-21T22:27:06,1.751,1.676,1.734,1,1,1
51d4b6c8-a1e1-4c9b-8f2a-000000000002,2026-06-22T01:36:45,1.751,1.676,1.735,0,0,1
51d4b6c8-a1e1-4c9b-8f2a-000000000002,2026-06-22T05:09:32,1.795,1.72,1.771,1,1,1
51d4b6c8-a1e1-4c9b-8f2a-000000000002,2026-06-22T08:46:14,1.792,1.717,1.774,1,1,1
51d4b6c8-a1e1-4c9b-8f2a-000000000002,2026-06-22T11:19:11,1.793,1.718,1.773,0,0,1
51d4b6c8-a1e1-4c9b-8f2a-000000000002,2026-06-22T14:23:12,1.766,1.691,1.743,1,1,1
51d4b6c8-a1e1-4c9b-8f2a-000000000002,2026-06-22T16:56:32,1.753,1.678,1.736,1,1,1
51d4b6c8-a1e1-4c9b-8f2a-000000000002,2026-06-22T19:40:40,1.738,1.663,1.723,1,1,1
51d4b6c8-a1e1-4c9b-8f2a-000000000002,2026-06-22T23:16:32,1.748,1.673,1.726,1,1,1
51d4b6c8-a1e1-4c9b-8f2a-000000000002,2026-06-23T01:46:53,1.745,1.67,1.728,1,1,1
51d4b6c8-a1e1-4c9b-8f2a-000000000002,2026-06-23T04:51:05,1.765,1.69,1.745,1,1,1
51d4b6c8-a1e1-4c9b-8f2a-000000000002,2026-06-23T08:46:22,1.784,1.709,1.769,1,1,1
51d4b6c8-a1e1-4c9b-8f2a-000000000002,2026-06-23T11:22:04,1.778,1.703,1.761,1,1,1
51d4b6c8-a1e1-4c9b-8f2a-000000000002,2026-06-23T14:00:07,1.747,1.672,1.727,1,1,1
51d4b6c8-a1e1-4c9b-8f2a-000000000002,2026-06-23T17:33:39,1.728,1.653,1.701,1,1,1
51d4b6c8-a1e1-4c9b-8f2a-000000000002,2026-06-23T20:13:35,1.718,1.643,1.699,1,1,1
51d4b6c8-a1e1-4c9b-8f2a-000000000002,2026-06-23T22:21:33,1.719,1.644,1.696,1,0,1
51d4b6c8-a1e1-4c9b-8f2a-000000000002,2026-06-24T01:00:46,1.732,1.657,1.713,1,1,1
51d4b6c8-a1e1-4c9b-8f2a-000000000002,2026-06-24T04:17:42,1.768,1.693,1.751,1,1,1
51d4b6c8-a1e1-4c9b-8f2a-000000000002,2026-06-24T07:26:47,1.787,1.712,1.767,1,1,1
51d4b6c8-a1e1-4c9b-8f2a-000000000002,2026-06-24T09:42:24,1.773,1.698,1.757,1,1,1
51d4b6c8-a1e1-4c9b-8f2a-000000000002,2026-06-24T12:36:35,1.765,1.69,1.742,1,1,1
51d4b6c8-a1e1-4c9b-8f2a-000000000002,2026-06-24T15:10:24,1.736,1.661,1.718,1,1,1
51d4b6c8-a1e1-4c9b-8f2a-000000000002,2026-06-24T17:55:40,1.72,1.645,1.704,1,1,1
51d4b6c8-a1e1-4c9b-8f2a-000000000002,2026-06-24T21:09:07,1.719,1.644,1.701,0,1,1
51d4b6c8-a1e1-4c9b-8f2a-000000000002,2026-06-24T23:40:32,1.725,1.65,1.703,1,1,1
51d4b6c8-a1e1-4c9b-8f2a-000000000002,2026-06-25T03:35:30,1.766,1.691,1.746,1,1,1
51d4b6c8-a1e1-4c9b-8f2a-000000000002,2026-06-25T06:38:36,1.78,1.705,1.757,1,1,1
51d4b6c8-a1e1-4c9b-8f2a-000000000002,2026-06-25T09:02:58,1.793,1.718,1.771,1,1,1
51d4b6c8-a1e1-4c9b-8f2a-000000000002,2026-06-25T12:32:33,1.777,1.702,1.758,1,1,1
51d4b6c8-a1e1-4c9b-8f2a-000000000002,2026-06-25T15:59:45,1.755,1.68,1.74,1,1,1
51d4b6c8-a1e1-4c9b-8f2a-000000000002,2026-06-25T18:03:12,1.732,1.657,1.712,1,1,1
51d4b6c8-a1e1-4c9b-8f2a-000000000002,2026-06-25T21:20:52,1.724,1.649,1.706,1,1,1
51d4b6c8-a1e1-4c9b-8f2a-000000000002,2026-06-26T01:17:48,1.77,1.695,1.746,1,1,1
51d4b6c8-a1e1-4c9b-8f2a-000000000002,2026-06-26T03:26:34,1.796,1.721,1.779,1,1,1
51d4b6c8-a1e1-4c9b-8f2a-000000000002,2026-06-26T06:23:05,1.811,1.736,1.793,1,1,1
51d4b6c8-a1e1-4c9b-8f2a-000000000002,2026-06-26T10:00:15,1.799,1.724,1.779,1,1,1
51d4b6c8-a1e1-4c9b-8f2a-000000000002,2026-06-26T13:57:34,1.779,1.704,1.761,1,1,1
51d4b6c8-a1e1-4c9b-8f2a-000000000002,2026-06-26T16:17:57,1.753,1.678,1.736,1,1,1
51d4b6c8-a1e1-4c9b-8f2a-000000000002,2026-06-26T18:28:42,1.738,1.663,1.714,1,1,1
51d4b6c8-a1e1-4c9b-8f2a-000000000002,2026-06-26T21:28:36,1.744,1.669,1.727,1,1,1
51d4b6c8-a1e1-4c9b-8f2a-000000000002,2026-06-27T00:20:13,1.768,1.693,1.751,1,1,1
51d4b6c8-a1e1-4c9b-8f2a-000000000002,2026-06-27T03:12:31,1.795,1.72,1.771,1,1,1
51d4b6c8-a1e1-4c9b-8f2a-000000000002,2026-06-27T07:06:31,1.811,1.736,1.79,1,1,1
51d4b6c8-a1e1-4c9b-8f2a-000000000002,2026-06-27T09:13:04,1.813,1.738,1.793,1,1,1
51d4b6c8-a1e1-4c9b-8f2a-000000000002,2026-06-27T12:09:07,1.808,1.733,1.78,1,1,1
51d4b6c8-a1e1-4c9b-8f2a-000000000002,2026-06-27T15:16:25,1.784,1.709,1.767,1,1,1
51d4b6c8-a1e1-4c9b-8f2a-000000000002,2026-06-27T17:34:11,1.764,1.689,1.747,1,1,1
51d4b6c8-a1e1-4c9b-8f2a-000000000002,2026-06-27T21:12:54,1.748,1.673,1.726,1,1,1
51d4b6c8-a1e1-4c9b-8f2a-000000000002,2026-06-28T01:12:40,1.782,1.707,1.764,1,1,1
51d4b6c8-a1e1-4c9b-8f2a-000000000002,2026-06-28T04:12:26,1.806,1.731,1.788,1,1,1
51d4b6c8-a1e1-4c9b-8f2a-000000000002,2026-06-28T08:10:12,1.83,1.755,1.812,1,1,1
51d4b6c8-a1e1-4c9b-8f2a-000000000002,2026-06-28T10:13:39,1.822,1.747,1.799,1,1,1
51d4b6c8-a1e1-4c9b-8f2a-000000000002,2026-06-28T13:29:04,1.808,1.733,1.792,1,1,1
51d4b6c8-a1e1-4c9b-8f2a-000000000002,2026-06-28T16:23:26,1.785,1.71,1.765,1,1,1
51d4b6c8-a1e1-4c9b-8f2a-000000000002,2026-06-28T19:59:05,1.769,1.694,1.748,1,1,1
51d4b6c8-a1e1-4c9b-8f2a-000000000002,2026-06-28T23:28:20,1.776,1.701,1.755,1,1,1
51d4b6c8-a1e1-4c9b-8f2a-000000000002,2026-06-29T01:58:57,1.787,1.712,1.769,1,1,1
51d4b6c8-a1e1-4c9b-8f2a-000000000002,2026-06-29T04:45:34,1.801,1.726,1.775,1,1,1
51d4b6c8-a1e1-4c9b-8f2a-000000000002,2026-06-29T07:04:04,1.829,1.754,1.814,1,1,1
51d4b6c8-a1e1-4c9b-8f2a-000000000002,2026-06-29T10:16:29,1.819,1.744,1.801,1,1,1
51d4b6c8-a1e1-4c9b-8f2a-000000000002,2026-06-29T12:40:29,1.802,1.727,1.781,1,1,1
51d4b6c8-a1e1-4c9b-8f2a-000000000002,2026-06-29T15:31:11,1.776,1.701,1.76,1,1,1
51d4b6c8-a1e1-4c9b-8f2a-000000000002,2026-06-29T17:42:20,1.75,1.675,1.727,1,1,1
51d4b6c8-a1e1-4c9b-8f2a-000000000002,2026-06-29T21:34:01,1.738,1.663,1.717,1,1,1
51d4b6c8-a1e1-4c9b-8f2a-000000000002,2026-06-30T00:30:12,1.748,1.673,1.733,1,1,1
51d4b6c8-a1e1-4c9b-8f2a-000000000002,2026-06-30T03:06:15,1.766,1.691,1.748,1,1,1
51d4b6c8-a1e1-4c9b-8f2a-000000000002,2026-06-30T06:12:22,1.792,1.717,1.769,1,1,1
51d4b6c8-a1e1-4c9b-8f2a-000000000002,2026-06-30T09:38:48,1.796,1.721,1.779,1,1,1
51d4b6c8-a1e1-4c9b-8f2a-000000000002,2026-06-30T13:11:03,1.78,1.705,1.761,1,1,1
51d4b6c8-a1e1-4c9b-8f2a-000000000002,2026-06-30T15:16:28,1.755,1.68,1.733,1,1,1
51d4b6c8-a1e1-4c9b-8f2a-000000000002,2026-06-30T18:43:22,1.731,1.656,1.707,1,1,1
51d4b6c8-a1e1-4c9b-8f2a-000000000002,2026-06-30T22:20:34,1.75,1.675,1.734,1,1,1
51d4b6c8-a1e1-4c9b-8f2a-000000000002,2026-07-01T00:51:41,1.746,1.671,1.725,1,1,1
51d4b6c8-a1e1-4c9b-8f2a-000000000002,2026-07-01T04:10:23,1.78,1.705,1.762,1,1,1
51d4b6c8-a1e1-4c9b-8f2a-000000000002,2026-07-01T07:39:41,1.798,1.723,1.774,1,1,1
51d4b6c8-a1e1-4c9b-8f2a-000000000002,2026-07-01T11:35:16,1.79,1.715,1.769,1,1,1
51d4b6c8-a1e1-4c9b-8f2a-000000000002,2026-07-01T13:51:29,1.782,1.707,1.762,1,1,1
51d4b6c8-a1e1-4c9b-8f2a-000000000002,2026-07-01T16:49:13,1.75,1.675,1.735,1,1,1
51d4b6c8-a1e1-4c9b-8f2a-000000000002,2026-07-01T20:32:12,1.73,1.655,1.712,1,1,1
51d4b6c8-a1e1-4c9b-8f2a-000000000002,2026-07-01T22:46:10,1.737,1.662,1.714,1,1,1
51d4b6c8-a1e1-4c9b-8f2a-000000000002,2026-07-02T01:44:23,1.77,1.695,1.749,1,1,1
51d4b6c8-a1e1-4c9b-8f2a-000000000002,2026-07-02T04:31:23,1.807,1.732,1.791,1,1,1
51d4b6c8-a1e1-4c9b-8f2a-000000000002,2026-07-02T07:23:12,1.817,1.742,1.796,1,1,1
51d4b6c8-a1e1-4c9b-8f2a-000000000002,2026-07-02T09:27:39,1.799,1.724,1.779,1,1,1
51d4b6c8-a1e1-4c9b-8f2a-000000000002,2026-07-02T13:19:53,1.78,1.705,1.761,1,1,1
51d4b6c8-a1e1-4c9b-8f2a-000000000002,2026-07-02T16:29:03,1.758,1.683,1.742,1,1,1
51d4b6c8-a1e1-4c9b-8f2a-000000000002,2026-07-02T20:15:44,1.747,1.672,1.724,1,1,1
51d4b6c8-a1e1-4c9b-8f2a-000000000002,2026-07-02T22:35:06,1.745,1.67,1.726,1,1,1
51d4b6c8-a1e1-4c9b-8f2a-000000000002,2026-07-03T01:36:01,1.776,1.701,1.759,1,1,1
51d4b6c8-a1e1-4c9b-8f2a-000000000002,2026-07-03T04:32:14,1.802,1.727,1.779,1,1,1
51d4b6c8-a1e1-4c9b-8f2a-000000000002,2026-07-03T07:22:15,1.821,1.746,1.793,1,1,1
51d4b6c8-a1e1-4c9b-8f2a-000000000002,2026-07-03T09:41:42,1.823,1.748,1.802,1,1,1
51d4b6c8-a1e1-4c9b-8f2a-000000000002,2026-07-03T12:39:39,1.81,1.735,1.792,1,1,1
51d4b6c8-a1e1-4c9b-8f2a-000000000002,2026-07-03T15:38:54,1.762,1.687,1.738,1,1,1
51d4b6c8-a1e1-4c9b-8f2a-000000000002,2026-07-03T18:21:57,1.76,1.685,1.743,1,1,1
51d4b6c8-a1e1-4c9b-8f2a-000000000002,2026-07-03T21:58:46,1.751,1.676,1.732,1,1,1
51d4b6c8-a1e1-4c9b-8f2a-000000000002,2026-07-04T01:06:12,1.774,1.699,1.754,1,1,1
51d4b6c8-a1e1-4c9b-8f2a-000000000002,2026-07-04T04:13:03,1.8,1.725,1.775,1,1,1
51d4b6c8-a1e1-4c9b-8f2a-000000000002,2026-07-04T07:25:34,1.813,1.738,1.795,1,1,1
51d4b6c8-a1e1-4c9b-8f2a-000000000002,2026-07-04T10:56:15,1.803,1.728,1.779,1,1,1
51d4b6c8-a1e1-4c9b-8f2a-000000000002,2026-07-04T14:39:16,1.778,1.703,1.758,1,1,1
51d4b6c8-a1e1-4c9b-8f2a-000000000002,2026-07-04T17:03:54,1.75,1.675,1.725,1,1,1
51d4b6c8-a1e1-4c9b-8f2a-000000000002,2026-07-04T20:35:21,1.736,1.661,1.712,1,1,1
51d4b6c8-a1e1-4c9b-8f2a-000000000002,2026-07-04T22:50:06,1.751,1.676,1.73,1,1,1
51d4b6c8-a1e1-4c9b-8f2a-000000000002,2026-07-05T00:50:53,1.758,1.683,1.739,1,1,1
51d4b6c8-a1e1-4c9b-8f2a-000000000002,2026-07-05T04:16:43,1.796,1.721,1.775,1,1,1
51d4b6c8-a1e1-4c9b-8f2a-000000000002,2026-07-05T07:47:06,1.809,1.734,1.783,1,1,1
51d4b6c8-a1e1-4c9b-8f2a-000000000002,2026-07-05T11:34:52,1.798,1.723,1.777,1,1,1
51d4b6c8-a1e1-4c9b-8f2a-000000000002,2026-07-05T15:28:07,1.768,1.693,1.747,1,1,1
51d4b6c8-a1e1-4c9b-8f2a-000000000002,2026-07-05T18:08:43,1.745,1.67,1.722,1,1,1
51d4b6c8-a1e1-4c9b-8f2a-000000000002,2026-07-05T20:55:54,1.747,1.672,1.72,1,1,1
51d4b6c8-a1e1-4c9b-8f2a-000000000002,2026-07-06T00:53:31,1.755,1.68,1.729,1,1,1
51d4b6c8-a1e1-4c9b-8f2a-000000000002,2026-07-06T03:43:50,1.772,1.697,1.752,1,1,1
51d4b6c8-a1e1-4c9b-8f2a-000000000002,2026-07-06T06:25:08,1.8,1.725,1.778,1,1,1
51d4b6c8-a1e1-4c9b-8f2a-000000000002,2026-07-06T08:42:45,1.801,1.726,1.778,0,0,0
51d4b6c8-a1e1-4c9b-8f2a-000000000002,2026-07-06T11:35:48,1.787,1.712,1.763,1,1,1
51d4b6c8-a1e1-4c9b-8f2a-000000000002,2026-07-06T15:08:51,1.75,1.675,1.727,1,1,1
51d4b6c8-a1e1-4c9b-8f2a-000000000002,2026-07-06T18:54:26,1.73,1.655,1.71,1,1,1
51d4b6c8-a1e1-4c9b-8f2a-000000000002,2026-07-06T21:55:50,1.732,1.657,1.718,1,1,1
51d4b6c8-a1e1-4c9b-8f2a-000000000002,2026-07-07T01:00:38,1.741,1.666,1.719,1,1,1
51d4b6c8-a1e1-4c9b-8f2a-000000000002,2026-07-07T03:51:22,1.753,1.678,1.733,1,1,1
51d4b6c8-a1e1-4c9b-8f2a-000000000002,2026-07-07T06:06:13,1.782,1.707,1.761,1,1,1
51d4b6c8-a1e1-4c9b-8f2a-000000000002,2026-07-07T09:14:55,1.784,1.709,1.764,1,1,1
51d4b6c8-a1e1-4c9b-8f2a-000000000002,2026-07-07T12:40:40,1.76,1.685,1.735,1,1,1
51d4b6c8-a1e1-4c9b-8f2a-000000000002,2026-07-07T15:08:44,1.742,1.667,1.72,1,1,1
51d4b6c8-a1e1-4c9b-8f2a-000000000002,2026-07-07T17:54:03,1.724,1.649,1.706,1,1,1
51d4b6c8-a1e1-4c9b-8f2a-000000000002,2026-07-07T20:17:09,1.706,1.631,1.683,1,1,1
51d4b6c8-a1e1-4c9b-8f2a-000000000002,2026-07-07T22:28:14,1.718,1.643,1.699,1,1,1
51d4b6c8-a1e1-4c9b-8f2a-000000000002,2026-07-08T00:37:36,1.722,1.647,1.704,1,1,1
51d4b6c8-a1e1-4c9b-8f2a-000000000002,2026-07-08T03:47:43,1.754,1.679,1.734,1,1,1
51d4b6c8-a1e1-4c9b-8f2a-000000000002,2026-07-08T07:41:27,1.768,1.693,1.745,1,1,1
51d4b6c8-a1e1-4c9b-8f2a-000000000002,2026-07-08T10:36:22,1.764,1.689,1.743,1,1,1
51d4b6c8-a1e1-4c9b-8f2a-000000000002,2026-07-08T13:59:43,1.747,1.672,1.721,1,1,1
51d4b6c8-a1e1-4c9b-8f2a-000000000002,2026-07-08T16:13:58,1.721,1.646,1.703,1,1,1
51d4b6c8-a1e1-4c9b-8f2a-000000000002,2026-07-08T18:48:43,1.704,1.629,1.682,1,1,1
51d4b6c8-a1e1-4c9b-8f2a-000000000002,2026-07-08T20:52:04,1.702,1.627,1.679,1,1,1
51d4b6c8-a1e1-4c9b-8f2a-000000000002,2026-07-09T00:44:29,1.729,1.654,1.709,1,1,1
51d4b6c8-a1e1-4c9b-8f2a-000000000002,2026-07-09T03:50:12,1.757,1.682,1.738,1,1,1
51d4b6c8-a1e1-4c9b-8f2a-000000000002,2026-07-09T06:27:22,1.773,1.698,1.755,1,1,1
51d4b6c8-a1e1-4c9b-8f2a-000000000002,2026-07-09T08:43:18,1.768,1.693,1.744,1,1,1
51d4b6c8-a1e1-4c9b-8f2a-000000000002,2026-07-09T12:03:22,1.762,1.687,1.739,1,1,1
51d4b6c8-a1e1-4c9b-8f2a-000000000002,2026-07-09T14:49:50,1.736,1.661,1.717,1,1,1
51d4b6c8-a1e1-4c9b-8f2a-000000000002,2026-07-09T18:10:17,1.706,1.631,1.686,1,1,1
51d4b6c8-a1e1-4c9b-8f2a-000000000002,2026-07-09T21:25:54,1.7,1.625,1.684,1,1,1
51d4b6c8-a1e1-4c9b-8f2a-000000000002,2026-07-10T00:43:10,1.741,1.666,1.721,1,1,1
51d4b6c8-a1e1-4c9b-8f2a-000000000002,2026-07-10T03:45:47,1.755,1.68,1.735,1,1,1
51d4b6c8-a1e1-4c9b-8f2a-000000000002,2026-07-10T07:04:46,1.773,1.698,1.754,1,1,1
51d4b6c8-a1e1-4c9b-8f2a-000000000002,2026-07-10T10:45:26,1.78,1.705,1.762,1,1,1
51d4b6c8-a1e1-4c9b-8f2a-000000000002,2026-07-10T13:23:53,1.749,1.674,1.728,1,1,1
51d4b6c8-a1e1-4c9b-8f2a-000000000002,2026-07-10T15:26:47,1.734,1.659,1.715,1,1,1
51d4b6c8-a1e1-4c9b-8f2a-000000000002,2026-07-10T19:24:21,1.708,1.633,1.688,1,1,1
51d4b6c8-a1e1-4c9b-8f2a-000000000002,2026-07-10T23:18:37,1.726,1.651,1.709,1,1,1
51d4b6c8-a1e1-4c9b-8f2a-000000000002,2026-07-11T01:40:23,1.735,1.66,1.719,1,1,1
51d4b6c8-a1e1-4c9b-8f2a-000000000002,2026-07-11T04:11:20,1.77,1.695,1.75,1,1,1
51d4b6c8-a1e1-4c9b-8f2a-000000000002,2026-07-11T06:40:06,1.779,1.704,1.752,1,1,1
51d4b6c8-a1e1-4c9b-8f2a-000000000002,2026-07-11T09:12:24,1.783,1.708,1.762,1,1,1
51d4b6c8-a1e1-4c9b-8f2a-000000000002,2026-07-11T11:15:53,1.765,1.69,1.741,1,1,1
51d4b6c8-a1e1-4c9b-8f2a-000000000002,2026-07-11T13:28:03,1.753,1.678,1.732,1,1,1
51d4b6c8-a1e1-4c9b-8f2a-000000000002,2026-07-11T16:36:15,1.726,1.651,1.706,1,1,1
51d4b6c8-a1e1-4c9b-8f2a-000000000002,2026-07-11T19:41:06,1.706,1.631,1.693,1,1,1
51d4b6c8-a1e1-4c9b-8f2a-000000000002,2026-07-11T23:36:28,1.714,1.639,1.698,1,1,1
51d4b6c8-a1e1-4c9b-8f2a-000000000002,2026-07-12T02:54:50,1.75,1.675,1.732,1,1,1
51d4b6c8-a1e1-4c9b-8f2a-000000000002,2026-07-12T05:27:37,1.772,1.697,1.753,1,1,1
51d4b6c8-a1e1-4c9b-8f2a-000000000002,2026-07-12T09:08:30,1.776,1.701,1.759,1,1,1
51d4b6c8-a1e1-4c9b-8f2a-000000000002,2026-07-12T11:16:54,1.771,1.696,1.749,1,1,1
51d4b6c8-a1e1-4c9b-8f2a-000000000002,2026-07-12T15:02:18,1.718,1.643,1.698,1,1,1
51d4b6c8-a1e1-4c9b-8f2a-000000000002,2026-07-12T18:48:22,1.705,1.63,1.685,1,1,1
51d4b6c8-a1e1-4c9b-8f2a-000000000002,2026-07-12T22:07:50,1.708,1.633,1.695,1,1,1
51d4b6c8-a1e1-4c9b-8f2a-000000000002,2026-07-13T00:47:15,1.705,1.63,1.685,1,1,1
51d4b6c8-a1e1-4c9b-8f2a-000000000002,2026-07-13T02:48:24,1.718,1.643,1.696,1,1,1
51d4b6c8-a1e1-4c9b-8f2a-000000000002,2026-07-13T05:47:05,1.749,1.674,1.727,1,1,1
51d4b6c8-a1e1-4c9b-8f2a-000000000002,2026-07-13T09:34:11,1.752,1.677,1.733,1,1,1
51d4b6c8-a1e1-4c9b-8f2a-000000000002,2026-07-13T13:30:50,1.731,1.656,1.714,1,1,1
51d4b6c8-a1e1-4c9b-8f2a-000000000002,2026-07-13T17:28:53,1.688,1.613,1.669,1,1,1
51d4b6c8-a1e1-4c9b-8f2a-000000000002,2026-07-13T19:30:01,1.674,1.599,1.653,1,1,1
51d4b6c8-a1e1-4c9b-8f2a-000000000002,2026-07-13T23:07:58,1.689,1.614,1.667,1,1,1
51d4b6c8-a1e1-4c9b-8f2a-000000000002,2026-07-14T03:05:35,1.707,1.632,1.686,1,1,1
51d4b6c8-a1e1-4c9b-8f2a-000000000002,2026-07-14T05:06:26,1.719,1.644,1.698,1,1,1
51d4b6c8-a1e1-4c9b-8f2a-000000000002,2026-07-14T07:39:43,1.728,1.653,1.707,1,1,1
51d4b6c8-a1e1-4c9b-8f2a-000000000002,2026-07-14T10:52:04,1.715,1.64,1.692,1,1,1
51d4b6c8-a1e1-4c9b-8f2a-000000000002,2026-07-14T13:07:22,1.7,1.625,1.68,1,1,1
51d4b6c8-a1e1-4c9b-8f2a-000000000002,2026-07-14T16:49:05,1.681,1.606,1.66,1,1,1
51d4b6c8-a1e1-4c9b-8f2a-000000000002,2026-07-14T20:02:49,1.703,1.628,1.684,1,1,1
51d4b6c8-a1e1-4c9b-8f2a-000000000002,2026-07-14T23:55:28,1.725,1.65,1.704,1,1,1
51d4b6c8-a1e1-4c9b-8f2a-000000000002,2026-07-15T03:17:06,1.752,1.677,1.733,1,1,1
51d4b6c8-a1e1-4c9b-8f2a-000000000002,2026-07-15T05:50:27,1.765,1.69,1.745,1,1,1
51d4b6c8-a1e1-4c9b-8f2a-000000000002,2026-07-15T08:13:48,1.781,1.706,1.76,1,1,1
51d4b6c8-a1e1-4c9b-8f2a-000000000002,2026-07-15T11:04:39,1.761,1.686,1.743,1,1,1
51d4b6c8-a1e1-4c9b-8f2a-000000000002,2026-07-15T13:41:57,1.744,1.669,1.725,1,1,1
51d4b6c8-a1e1-4c9b-8f2a-000000000002,2026-07-15T16:57:06,1.715,1.64,1.697,1,1,1
51d4b6c8-a1e1-4c9b-8f2a-000000000002,2026-07-15T19:25:43,1.699,1.624,1.681,1,1,1
51d4b6c8-a1e1-4c9b-8f2a-000000000002,2026-07-15T22:58:48,1.697,1.622,1.672,1,1,1
51d4b6c8-a1e1-4c9b-8f2a-000000000002,2026-07-16T02:08:16,1.736,1.661,1.714,1,1,1
51d4b6c8-a1e1-4c9b-8f2a-000000000002,2026-07-16T04:16:05,1.761,1.686,1.74,1,1,1
51d4b6c8-a1e1-4c9b-8f2a-000000000002,2026-07-16T06:52:15,1.769,1.694,1.746,1,1,1
51d4b6c8-a1e1-4c9b-8f2a-000000000002,2026-07-16T09:38:02,1.772,1.697,1.75,1,1,1
51d4b6c8-a1e1-4c9b-8f2a-000000000002,2026-07-16T12:49:59,1.755,1.68,1.737,1,1,1
51d4b6c8-a1e1-4c9b-8f2a-000000000002,2026-07-16T16:04:17,1.722,1.647,1.7,1,1,1
51d4b6c8-a1e1-4c9b-8f2a-000000000002,2026-07-16T18:58:46,1.705,1.63,1.684,1,1,1
51d4b6c8-a1e1-4c9b-8f2a-000000000002,2026-07-16T22:33:30,1.697,1.622,1.675,1,1,1
51d4b6c8-a1e1-4c9b-8f2a-000000000002,2026-07-17T01:04:15,1.735,1.66,1.715,1,1,1
51d4b6c8-a1e1-4c9b-8f2a-000000000002,2026-07-17T03:11:31,1.745,1.67,1.728,1,1,1
51d4b6c8-a1e1-4c9b-8f2a-000000000002,2026-07-17T06:42:03,1.782,1.707,1.763,1,1,1
51d4b6c8-a1e1-4c9b-8f2a-000000000002,2026-07-17T09:23:11,1.784,1.709,1.765,1,1,1
51d4b6c8-a1e1-4c9b-8f2a-000000000002,2026-07-17T12:44:35,1.767,1.692,1.749,1,1,1
51d4b6c8-a1e1-4c9b-8f2a-000000000002,2026-07-17T15:08:02,1.743,1.668,1.72,1,1,1
51d4b6c8-a1e1-4c9b-8f2a-000000000002,2026-07-17T17:49:01,1.714,1.639,1.692,1,1,1
51d4b6c8-a1e1-4c9b-8f2a-000000000002,2026-07-17T20:58:26,1.705,1.63,1.683,1,1,1
51d4b6c8-a1e1-4c9b-8f2a-000000000002,2026-07-17T23:17:54,1.716,1.641,1.696,1,1,1
51d4b6c8-a1e1-4c9b-8f2a-000000000002,2026-07-18T01:44:40,1.735,1.66,1.713,1,1,1
51d4b6c8-a1e1-4c9b-8f2a-000000000002,2026-07-18T05:12:49,1.772,1.697,1.753,1,1,1
51d4b6c8-a1e1-4c9b-8f2a-000000000002,2026-07-18T09:11:36,1.785,1.71,1.765,1,1,1
51d4b6c8-a1e1-4c9b-8f2a-000000000002,2026-07-18T11:25:26,1.777,1.702,1.757,1,1,1
51d4b6c8-a1e1-4c9b-8f2a-000000000002,2026-07-18T13:28:59,1.762,1.687,1.747,1,1,1
51d4b6c8-a1e1-4c9b-8f2a-000000000002,2026-07-18T16:55:15,1.734,1.659,1.72,1,1,1
51d4b6c8-a1e1-4c9b-8f2a-000000000002,2026-07-18T20:44:32,1.711,1.636,1.688,1,1,1
51d4b6c8-a1e1-4c9b-8f2a-000000000002,2026-07-19T00:19:01,1.744,1.669,1.724,1,1,1
51d4b6c8-a1e1-4c9b-8f2a-000000000002,2026-07-19T03:38:19,1.783,1.708,1.761,1,1,1
51d4b6c8-a1e1-4c9b-8f2a-000000000002,2026-07-19T07:24:07,1.794,1.719,1.778,1,1,1
51d4b6c8-a1e1-4c9b-8f2a-000000000002,2026-07-19T09:47:08,1.789,1.714,1.772,1,1,1
51d4b6c8-a1e1-4c9b-8f2a-000000000002,2026-07-19T13:44:22,1.769,1.694,1.75,1,1,1
51d4b6c8-a1e1-4c9b-8f2a-000000000002,2026-07-19T17:19:07,1.744,1.669,1.725,1,1,1
51d4b6c8-a1e1-4c9b-8f2a-000000000002,2026-07-19T21:03:51,1.723,1.648,1.704,1,1,1
51d4b6c8-a1e1-4c9b-8f2a-000000000002,2026-07-20T00:00:20,1.741,1.666,1.722,1,1,1
51d4b6c8-a1e1-4c9b-8f2a-000000000002,2026-07-20T03:30:30,1.757,1.682,1.735,1,1,1
51d4b6c8-a1e1-4c9b-8f2a-000000000002,2026-07-20T06:15:22,1.782,1.707,1.758,1,1,1
51d4b6c8-a1e1-4c9b-8f2a-000000000002,2026-07-20T08:47:34,1.788,1.713,1.77,1,1,1
51d4b6c8-a1e1-4c9b-8f2a-000000000002,2026-07-20T11:11:55,1.77,1.695,1.752,1,1,1
51d4b6c8-a1e1-4c9b-8f2a-000000000002,2026-07-20T14:58:34,1.739,1.664,1.718,1,1,1
51d4b6c8-a1e1-4c9b-8f2a-000000000002,2026-07-20T17:08:39,1.715,1.64,1.698,1,1,1
51d4b6c8-a1e1-4c9b-8f2a-000000000002,2026-07-20T20:04:29,1.703,1.628,1.678,1,1,1
51d4b6c8-a1e1-4c9b-8f2a-000000000002,2026-07-20T22:42:31,1.714,1.639,1.696,1,1,1
51d4b6c8-a1e1-4c9b-8f2a-000000000002,2026-07-21T01:59:58,1.72,1.645,1.696,1,1,0
51d4b6c8-a1e1-4c9b-8f2a-000000000002,2026-07-21T05:34:16,1.754,1.679,1.734,1,1,1
51d4b6c8-a1e1-4c9b-8f2a-000000000002,2026-07-21T07:38:52,1.765,1.69,1.743,1,1,1
51d4b6c8-a1e1-4c9b-8f2a-000000000002,2026-07-21T11:00:53,1.753,1.678,1.723,1,1,1
51d4b6c8-a1e1-4c9b-8f2a-000000000002,2026-07-21T15:00:42,1.717,1.642,1.7,1,1,1
51d4b6c8-a1e1-4c9b-8f2a-000000000002,2026-07-21T18:39:22,1.699,1.624,1.681,1,1,1
51d4b6c8-a1e1-4c9b-8f2a-000000000002,2026-07-21T21:48:58,1.694,1.619,1.674,1,1,1
51d4b6c8-a1e1-4c9b-8f2a-000000000002,2026-07-22T00:36:40,1.711,1.636,1.687,1,1,1
51d4b6c8-a1e1-4c9b-8f2a-000000000002,2026-07-22T03:38:34,1.732,1.657,1.706,1,1,1
51d4b6c8-a1e1-4c9b-8f2a-000000000002,2026-07-22T06:16:08,1.761,1.686,1.737,1,1,1
51d4b6c8-a1e1-4c9b-8f2a-000000000002,2026-07-22T08:41:17,1.764,1.689,1.742,1,1,1
51d4b6c8-a1e1-4c9b-8f2a-000000000002,2026-07-22T12:34:29,1.747,1.672,1.722,1,1,1
51d4b6c8-a1e1-4c9b-8f2a-000000000002,2026-07-22T15:15:16,1.717,1.642,1.698,1,1,1
51d4b6c8-a1e1-4c9b-8f2a-000000000002,2026-07-22T17:54:24,1.697,1.622,1.671,1,1,1
51d4b6c8-a1e1-4c9b-8f2a-000000000002,2026-07-22T20:12:50,1.686,1.611,1.663,1,1,1
51d4b6c8-a1e1-4c9b-8f2a-000000000002,2026-07-22T23:56:52,1.697,1.622,1.68,1,1,1
51d4b6c8-a1e1-4c9b-8f2a-000000000002,2026-07-23T03:01:01,1.74,1.665,1.714,1,1,1
51d4b6c8-a1e1-4c9b-8f2a-000000000002,2026-07-23T05:12:12,1.754,1.679,1.734,1,1,1
51d4b6c8-a1e1-4c9b-8f2a-000000000002,2026-07-23T08:34:53,1.764,1.689,1.747,1,1,1
51d4b6c8-a1e1-4c9b-8f2a-000000000002,2026-07-23T11:02:51,1.755,1.68,1.735,1,1,1
51d4b6c8-a1e1-4c9b-8f2a-000000000002,2026-07-23T14:05:04,1.738,1.663,1.719,1,1,1
51d4b6c8-a1e1-4c9b-8f2a-000000000002,2026-07-23T17:09:27,1.716,1.641,1.699,1,1,1
51d4b6c8-a1e1-4c9b-8f2a-000000000002,2026-07-23T20:53:20,1.7,1.625,1.679,1,1,1
51d4b6c8-a1e1-4c9b-8f2a-000000000002,2026-07-24T00:05:47,1.721,1.646,1.699,1,1,1
51d4b6c8-a1e1-4c9b-8f2a-000000000002,2026-07-24T03:27:57,1.752,1.677,1.735,1,1,1
51d4b6c8-a1e1-4c9b-8f2a-000000000002,2026-07-24T07:04:52,1.784,1.709,1.761,1,1,1
51d4b6c8-a1e1-4c9b-8f2a-000000000002,2026-07-24T10:00:05,1.767,1.692,1.75,1,1,1
51d4b6c8-a1e1-4c9b-8f2a-000000000002,2026-07-24T13:24:08,1.746,1.671,1.73,1,1,1
51d4b6c8-a1e1-4c9b-8f2a-000000000002,2026-07-24T17:01:19,1.717,1.642,1.697,1,1,1
51d4b6c8-a1e1-4c9b-8f2a-000000000002,2026-07-24T20:50:37,1.698,1.623,1.676,1,1,1
51d4b6c8-a1e1-4c9b-8f2a-000000000002,2026-07-25T00:44:06,1.735,1.66,1.713,1,1,1
51d4b6c8-a1e1-4c9b-8f2a-000000000002,2026-07-25T04:34:04,1.76,1.685,1.737,1,1,1
51d4b6c8-a1e1-4c9b-8f2a-000000000002,2026-07-25T07:33:17,1.779,1.704,1.761,1,1,1
51d4b6c8-a1e1-4c9b-8f2a-000000000002,2026-07-25T11:05:16,1.768,1.693,1.749,1,1,1
51d4b6c8-a1e1-4c9b-8f2a-000000000002,2026-07-25T14:06:00,1.746,1.671,1.726,1,1,1
51d4b6c8-a1e1-4c9b-8f2a-000000000002,2026-07-25T17:35:30,1.718,1.643,1.698,1,1,1
51d4b6c8-a1e1-4c9b-8f2a-000000000002,2026-07-25T19:49:16,1.709,1.634,1.688,1,1,1
51d4b6c8-a1e1-4c9b-8f2a-000000000002,2026-07-25T22:55:05,1.717,1.642,1.696,1,1,1
51d4b6c8-a1e1-4c9b-8f2a-000000000002,2026-07-26T02:33:32,1.747,1.672,1.729,1,1,1
51d4b6c8-a1e1-4c9b-8f2a-000000000002,2026-07-26T05:37:41,1.781,1.706,1.763,1,1,1
51d4b6c8-a1e1-4c9b-8f2a-000000000002,2026-07-26T08:58:59,1.79,1.715,1.774,1,1,1
51d4b6c8-a1e1-4c9b-8f2a-000000000002,2026-07-26T11:24:55,1.781,1.706,1.756,1,1,1
51d4b6c8-a1e1-4c9b-8f2a-000000000002,2026-07-26T14:41:50,1.743,1.668,1.723,1,1,1
51d4b6c8-a1e1-4c9b-8f2a-000000000002,2026-07-26T16:42:24,1.736,1.661,1.709,1,1,1
51d4b6c8-a1e1-4c9b-8f2a-000000000002,2026-07-26T19:27:21,1.72,1.645,1.703,1,1,1
51d4b6c8-a1e1-4c9b-8f2a-000000000002,2026-07-26T21:50:25,1.72,1.645,1.706,0,0,1
51d4b6c8-a1e1-4c9b-8f2a-000000000002,2026-07-27T01:26:03,1.729,1.654,1.708,1,1,1
51d4b6c8-a1e1-4c9b-8f2a-000000000002,2026-07-27T04:05:18,1.759,1.684,1.741,1,1,1
51d4b6c8-a1e1-4c9b-8f2a-000000000002,2026-07-27T07:10:18,1.775,1.7,1.754,1,1,1
51d4b6c8-a1e1-4c9b-8f2a-000000000002,2026-07-27T09:58:34,1.774,1.699,1.756,0,0,1
51d4b6c8-a1e1-4c9b-8f2a-000000000002,2026-07-27T12:06:29,1.757,1.682,1.739,1,1,1
51d4b6c8-a1e1-4c9b-8f2a-000000000002,2026-07-27T14:42:40,1.747,1.672,1.727,1,1,1
51d4b6c8-a1e1-4c9b-8f2a-000000000002,2026-07-27T17:47:01,1.725,1.65,1.709,1,1,1
51d4b6c8-a1e1-4c9b-8f2a-000000000002,2026-07-27T21:44:47,1.711,1.636,1.684,1,1,1
51d4b6c8-a1e1-4c9b-8f2a-000000000002,2026-07-28T01:08:02,1.729,1.654,1.706,1,1,1
51d4b6c8-a1e1-4c9b-8f2a-000000000002,2026-07-28T04:05:53,1.751,1.676,1.728,1,1,1
51d4b6c8-a1e1-4c9b-8f2a-000000000002,2026-07-28T06:51:46,1.764,1.689,1.747,1,1,1
51d4b6c8-a1e1-4c9b-8f2a-000000000002,2026-07-28T10:05:44,1.764,1.689,1.749,0,0,1
51d4b6c8-a1e1-4c9b-8f2a-000000000002,2026-07-28T13:36:36,1.744,1.669,1.723,1,1,1
51d4b6c8-a1e1-4c9b-8f2a-000000000002,2026-07-28T16:01:07,1.724,1.649,1.702,1,1,1
51d4b6c8-a1e1-4c9b-8f2a-000000000002,2026-07-28T19:54:38,1.699,1.624,1.676,1,1,1
51d4b6c8-a1e1-4c9b-8f2a-000000000002,2026-07-28T22:57:08,1.701,1.626,1.679,1,1,1
51d4b6c8-a1e1-4c9b-8f2a-000000000002,2026-07-29T00:59:59,1.713,1.638,1.686,1,1,1
51d4b6c8-a1e1-4c9b-8f2a-000000000002,2026-07-29T04:19:47,1.747,1.672,1.722,1,1,1
51d4b6c8-a1e1-4c9b-8f2a-000000000002,2026-07-29T07:32:45,1.766,1.691,1.752,1,1,1
51d4b6c8-a1e1-4c9b-8f2a-000000000002,2026-07-29T09:41:09,1.763,1.688,1.741,1,1,1
51d4b6c8-a1e1-4c9b-8f2a-000000000002,2026-07-29T12:05:39,1.754,1.679,1.736,1,1,1
51d4b6c8-a1e1-4c9b-8f2a-000000000002,2026-07-29T14:15:02,1.73,1.655,1.714,1,1,1
51d4b6c8-a1e1-4c9b-8f2a-000000000002,2026-07-29T16:44:25,1.718,1.643,1.694,1,1,1
51d4b6c8-a1e1-4c9b-8f2a-000000000002,2026-07-29T19:17:03,1.71,1.635,1.694,1,1,0
51d4b6c8-a1e1-4c9b-8f2a-000000000002,2026-07-29T22:04:50,1.709,1.634,1.689,0,1,1
51d4b6c8-a1e1-4c9b-8f2a-000000000002,2026-07-30T01:43:11,1.735,1.66,1.715,1,1,1
51d4b6c8-a1e1-4c9b-8f2a-000000000002,2026-07-30T05:25:40,1.756,1.681,1.739,1,1,1
51d4b6c8-a1e1-4c9b-8f2a-000000000002,2026-07-30T07:56:33,1.774,1.699,1.754,1,1,1
51d4b6c8-a1e1-4c9b-8f2a-000000000002,2026-07-30T11:09:16,1.77,1.695,1.751,1,1,1
51d4b6c8-a1e1-4c9b-8f2a-000000000002,2026-07-30T13:10:49,1.754,1.679,1.731,1,1,1
51d4b6c8-a1e1-4c9b-8f2a-000000000002,2026-07-30T17:01:54,1.724,1.649,1.699,1,1,1
51d4b6c8-a1e1-4c9b-8f2a-000000000002,2026-07-30T20:12:29,1.726,1.651,1.708,1,1,1
51d4b6c8-a1e1-4c9b-8f2a-000000000002,2026-07-30T22:58:40,1.72,1.645,1.699,1,1,1
51d4b6c8-a1e1-4c9b-8f2a-000000000002,2026-07-31T02:25:20,1.763,1.688,1.743,1,1,1
51d4b6c8-a1e1-4c9b-8f2a-000000000002,2026-07-31T05:48:55,1.783,1.708,1.763,1,1,1
51d4b6c8-a1e1-4c9b-8f2a-000000000002,2026-07-31T09:26:29,1.797,1.722,1.773,1,1,1
51d4b6c8-a1e1-4c9b-8f2a-000000000002,2026-07-31T12:43:56,1.788,1.713,1.768,1,1,1
51d4b6c8-a1e1-4c9b-8f2a-000000000002,2026-07-31T16:38:08,1.759,1.684,1.739,1,1,1
51d4b6c8-a1e1-4c9b-8f2a-000000000002,2026-07-31T19:55:28,1.736,1.661,1.719,1,1,1
51d4b6c8-a1e1-4c9b-8f2a-000000000002,2026-07-31T22:18:08,1.741,1.666,1.719,1,1,0
51d4b6c8-a1e1-4c9b-8f2a-000000000002,2026-08-01T00:54:24,1.762,1.687,1.741,1,1,1
51d4b6c8-a1e1-4c9b-8f2a-000000000002,2026-08-01T04:39:34,1.806,1.731,1.788,1,1,1
51d4b6c8-a1e1-4c9b-8f2a-000000000002,2026-08-01T08:12:46,1.819,1.744,1.802,1,1,1
51d4b6c8-a1e1-4c9b-8f2a-000000000002,2026-08-01T10:49:44,1.812,1.737,1.792,1,1,1
51d4b6c8-a1e1-4c9b-8f2a-000000000002,2026-08-01T12:58:07,1.793,1.718,1.773,1,1,1
51d4b6c8-a1e1-4c9b-8f2a-000000000002,2026-08-01T15:43:05,1.771,1.696,1.752,1,1,1
51d4b6c8-a1e1-4c9b-8f2a-000000000002,2026-08-01T19:36:54,1.743,1.668,1.725,1,1,1
51d4b6c8-a1e1-4c9b-8f2a-000000000002,2026-08-01T23:08:00,1.754,1.679,1.732,1,1,1
51d4b6c8-a1e1-4c9b-8f2a-000000000002,2026-08-02T02:23:13,1.769,1.694,1.748,1,1,1
51d4b6c8-a1e1-4c9b-8f2a-000000000002,2026-08-02T04:56:26,1.791,1.716,1.769,1,1,1
51d4b6c8-a1e1-4c9b-8f2a-000000000002,2026-08-02T08:17:10,1.814,1.739,1.798,1,1,1
51d4b6c8-a1e1-4c9b-8f2a-000000000002,2026-08-02T12:15:41,1.795,1.72,1.775,1,1,1
51d4b6c8-a1e1-4c9b-8f2a-000000000002,2026-08-02T15:28:02,1.773,1.698,1.75,1,1,1
51d4b6c8-a1e1-4c9b-8f2a-000000000002,2026-08-02T18:19:34,1.764,1.689,1.737,1,1,1
51d4b6c8-a1e1-4c9b-8f2a-000000000002,2026-08-02T21:57:35,1.75,1.675,1.733,1,1,1
51d4b6c8-a1e1-4c9b-8f2a-000000000002,2026-08-03T00:37:13,1.751,1.676,1.732,0,0,1
51d4b6c8-a1e1-4c9b-8f2a-000000000002,2026-08-03T04:04:15,1.791,1.716,1.773,1,1,1
51d4b6c8-a1e1-4c9b-8f2a-000000000002,2026-08-03T07:28:10,1.804,1.729,1.787,1,1,1
51d4b6c8-a1e1-4c9b-8f2a-000000000002,2026-08-03T10:47:14,1.802,1.727,1.79,1,1,1
51d4b6c8-a1e1-4c9b-8f2a-000000000002,2026-08-03T14:24:44,1.77,1.695,1.751,1,1,1
51d4b6c8-a1e1-4c9b-8f2a-000000000002,2026-08-03T18:01:39,1.743,1.668,1.72,1,1,1
51d4b6c8-a1e1-4c9b-8f2a-000000000002,2026-08-03T20:11:25,1.745,1.67,1.722,1,1,1
51d4b6c8-a1e1-4c9b-8f2a-000000000002,2026-08-04T00:09:50,1.736,1.661,1.716,1,1,1
51d4b6c8-a1e1-4c9b-8f2a-000000000002,2026-08-04T02:27:01,1.755,1.68,1.732,1,1,1
51d4b6c8-a1e1-4c9b-8f2a-000000000002,2026-08-04T05:27:34,1.795,1.72,1.773,1,1,1
51d4b6c8-a1e1-4c9b-8f2a-000000000002,2026-08-04T09:12:33,1.794,1.719,1.775,0,0,1
51d4b6c8-a1e1-4c9b-8f2a-000000000002,2026-08-04T12:32:04,1.783,1.708,1.762,1,1,1
51d4b6c8-a1e1-4c9b-8f2a-000000000002,2026-08-04T15:24:15,1.757,1.682,1.743,1,1,1
51d4b6c8-a1e1-4c9b-8f2a-000000000002,2026-08-04T19:12:34,1.725,1.65,1.699,1,1,1
51d4b6c8-a1e1-4c9b-8f2a-000000000002,2026-08-04T21:27:20,1.722,1.647,1.701,1,1,1
51d4b6c8-a1e1-4c9b-8f2a-000000000002,2026-08-04T23:38:12,1.729,1.654,1.709,1,1,1
51d4b6c8-a1e1-4c9b-8f2a-000000000002,2026-08-05T02:55:28,1.754,1.679,1.73,1,1,1
51d4b6c8-a1e1-4c9b-8f2a-000000000002,2026-08-05T05:41:16,1.774,1.699,1.755,1,1,1
51d4b6c8-a1e1-4c9b-8f2a-000000000002,2026-08-05T07:55:09,1.791,1.716,1.774,1,1,1
51d4b6c8-a1e1-4c9b-8f2a-000000000002,2026-08-05T11:47:37,1.775,1.7,1.759,1,1,1
51d4b6c8-a1e1-4c9b-8f2a-000000000002,2026-08-05T14:56:51,1.695,1.62,1.678,1,1,1
51d4b6c8-a1e1-4c9b-8f2a-000000000002,2026-08-05T17:47:41,1.662,1.587,1.645,1,1,1
51d4b6c8-a1e1-4c9b-8f2a-000000000002,2026-08-05T20:58:35,1.669,1.594,1.65,1,1,1
51d4b6c8-a1e1-4c9b-8f2a-000000000002,2026-08-05T23:36:30,1.67,1.595,1.649,0,0,0
51d4b6c8-a1e1-4c9b-8f2a-000000000002,2026-08-06T02:10:30,1.709,1.634,1.684,1,1,1
51d4b6c8-a1e1-4c9b-8f2a-000000000002,2026-08-06T04:14:37,1.725,1.65,1.704,1,1,1
51d4b6c8-a1e1-4c9b-8f2a-000000000002,2026-08-06T07:23:30,1.743,1.668,1.725,1,1,1
51d4b6c8-a1e1-4c9b-8f2a-000000000002,2026-08-06T11:19:29,1.74,1.665,1.719,1,1,1
51d4b6c8-a1e1-4c9b-8f2a-000000000002,2026-08-06T15:11:37,1.698,1.623,1.671,1,1,1
51d4b6c8-a1e1-4c9b-8f2a-000000000002,2026-08-06T18:44:44,1.675,1.6,1.657,1,1,1
51d4b6c8-a1e1-4c9b-8f2a-000000000002,2026-08-06T21:03:50,1.668,1.593,1.65,1,1,1
51d4b6c8-a1e1-4c9b-8f2a-000000000002,2026-08-07T00:00:39,1.702,1.627,1.681,1,1,1
51d4b6c8-a1e1-4c9b-8f2a-000000000002,2026-08-07T03:51:25,1.721,1.646,1.701,1,1,1
51d4b6c8-a1e1-4c9b-8f2a-000000000002,2026-08-07T06:30:14,1.738,1.663,1.72,1,1,1
51d4b6c8-a1e1-4c9b-8f2a-000000000002,2026-08-07T09:48:47,1.744,1.669,1.725,1,1,1
51d4b6c8-a1e1-4c9b-8f2a-000000000002,2026-08-07T13:36:27,1.732,1.657,1.71,1,1,1
51d4b6c8-a1e1-4c9b-8f2a-000000000002,2026-08-07T17:19:11,1.691,1.616,1.665,1,1,1
51d4b6c8-a1e1-4c9b-8f2a-000000000002,2026-08-07T20:04:22,1.682,1.607,1.664,1,1,1
51d4b6c8-a1e1-4c9b-8f2a-000000000002,2026-08-07T23:01:14,1.697,1.622,1.68,1,1,1
51d4b6c8-a1e1-4c9b-8f2a-000000000002,2026-08-08T01:41:51,1.716,1.641,1.696,1,1,1
51d4b6c8-a1e1-4c9b-8f2a-000000000002,2026-08-08T04:29:27,1.741,1.666,1.72,1,1,1
51d4b6c8-a1e1-4c9b-8f2a-000000000002,2026-08-08T07:58:53,1.748,1.673,1.731,1,1,1
51d4b6c8-a1e1-4c9b-8f2a-000000000002,2026-08-08T11:37:04,1.75,1.675,1.728,1,1,1
51d4b6c8-a1e1-4c9b-8f2a-000000000002,2026-08-08T13:38:27,1.74,1.665,1.721,1,1,1
51d4b6c8-a1e1-4c9b-8f2a-000000000002,2026-08-08T16:48:53,1.705,1.63,1.685,1,1,1
51d4b6c8-a1e1-4c9b-8f2a-000000000002,2026-08-08T19:00:13,1.69,1.615,1.67,1,1,1
51d4b6c8-a1e1-4c9b-8f2a-000000000002,2026-08-08T21:15:15,1.689,1.614,1.663,0,0,1
51d4b6c8-a1e1-4c9b-8f2a-000000000002,2026-08-09T00:19:45,1.71,1.635,1.693,1,1,1
51d4b6c8-a1e1-4c9b-8f2a-000000000002,2026-08-09T03:23:22,1.732,1.657,1.709,1,1,1
51d4b6c8-a1e1-4c9b-8f2a-000000000002,2026-08-09T07:01:37,1.746,1.671,1.726,1,1,1
51d4b6c8-a1e1-4c9b-8f2a-000000000002,2026-08-09T10:45:04,1.752,1.677,1.732,1,1,1
51d4b6c8-a1e1-4c9b-8f2a-000000000002,2026-08-09T13:22:47,1.73,1.655,1.712,1,1,1
51d4b6c8-a1e1-4c9b-8f2a-000000000002,2026-08-09T16:53:09,1.706,1.631,1.688,1,1,1
51d4b6c8-a1e1-4c9b-8f2a-000000000002,2026-08-09T20:49:06,1.699,1.624,1.679,1,1,1
51d4b6c8-a1e1-4c9b-8f2a-000000000002,2026-08-10T00:42:36,1.694,1.619,1.677,1,1,1
51d4b6c8-a1e1-4c9b-8f2a-000000000002,2026-08-10T02:59:23,1.711,1.636,1.695,1,1,1
51d4b6c8-a1e1-4c9b-8f2a-000000000002,2026-08-10T06:00:39,1.74,1.665,1.719,1,1,1
51d4b6c8-a1e1-4c9b-8f2a-000000000002,2026-08-10T08:05:03,1.755,1.68,1.737,1,1,1
51d4b6c8-a1e1-4c9b-8f2a-000000000002,2026-08-10T11:16:04,1.74,1.665,1.717,1,1,1
51d4b6c8-a1e1-4c9b-8f2a-000000000002,2026-08-10T14:22:03,1.721,1.646,1.694,1,1,1
51d4b6c8-a1e1-4c9b-8f2a-000000000002,2026-08-10T17:43:14,1.694,1.619,1.676,1,1,1
51d4b6c8-a1e1-4c9b-8f2a-000000000002,2026-08-10T20:58:47,1.687,1.612,1.666,1,1,1
51d4b6c8-a1e1-4c9b-8f2a-000000000002,2026-08-11T00:16:31,1.685,1.61,1.67,1,1,1
51d4b6c8-a1e1-4c9b-8f2a-000000000002,2026-08-11T02:54:29,1.696,1.621,1.676,1,1,1
51d4b6c8-a1e1-4c9b-8f2a-000000000002,2026-08-11T05:58:15,1.723,1.648,1.705,1,1,1
51d4b6c8-a1e1-4c9b-8f2a-000000000002,2026-08-11T08:08:56,1.736,1.661,1.717,1,1,1
51d4b6c8-a1e1-4c9b-8f2a-000000000002,2026-08-11T10:20:41,1.735,1.66,1.723,0,1,1
51d4b6c8-a1e1-4c9b-8f2a-000000000002,2026-08-11T13:54:37,1.718,1.643,1.693,1,1,1
51d4b6c8-a1e1-4c9b-8f2a-000000000002,2026-08-11T16:06:05,1.683,1.608,1.662,1,1,1
51d4b6c8-a1e1-4c9b-8f2a-000000000002,2026-08-11T18:38:36,1.674,1.599,1.654,1,1,1
51d4b6c8-a1e1-4c9b-8f2a-000000000002,2026-08-11T22:15:20,1.673,1.598,1.649,0,0,1
51d4b6c8-a1e1-4c9b-8f2a-000000000002,2026-08-12T02:01:11,1.701,1.626,1.679,1,1,1
51d4b6c8-a1e1-4c9b-8f2a-000000000002,2026-08-12T05:20:05,1.716,1.641,1.695,1,1,1
51d4b6c8-a1e1-4c9b-8f2a-000000000002,2026-08-12T09:10:18,1.723,1.648,1.702,1,1,1
51d4b6c8-a1e1-4c9b-8f2a-000000000002,2026-08-12T12:05:14,1.705,1.63,1.688,1,1,1
51d4b6c8-a1e1-4c9b-8f2a-000000000002,2026-08-12T14:39:39,1.692,1.617,1.674,1,1,1
51d4b6c8-a1e1-4c9b-8f2a-000000000002,2026-08-12T17:55:56,1.665,1.59,1.65,1,1,1
51d4b6c8-a1e1-4c9b-8f2a-000000000002,2026-08-12T21:37:21,1.657,1.582,1.64,1,1,1
51d4b6c8-a1e1-4c9b-8f2a-000000000002,2026-08-12T23:47:30,1.676,1.601,1.653,1,1,1
51d4b6c8-a1e1-4c9b-8f2a-000000000002,2026-08-13T01:48:47,1.694,1.619,1.677,1,1,1
51d4b6c8-a1e1-4c9b-8f2a-000000000002,2026-08-13T05:11:00,1.73,1.655,1.71,1,1,1
51d4b6c8-a1e1-4c9b-8f2a-000000000002,2026-08-13T07:12:40,1.75,1.675,1.727,1,1,1
51d4b6c8-a1e1-4c9b-8f2a-000000000002,2026-08-13T09:54:05,1.74,1.665,1.714,1,1,1
51d4b6c8-a1e1-4c9b-8f2a-000000000002,2026-08-13T13:53:59,1.721,1.646,1.7,1,1,1
51d4b6c8-a1e1-4c9b-8f2a-000000000002,2026-08-13T17:45:36,1.692,1.617,1.671,1,1,1
51d4b6c8-a1e1-4c9b-8f2a-000000000002,2026-08-13T20:29:39,1.684,1.609,1.662,1,1,1
51d4b6c8-a1e1-4c9b-8f2a-000000000002,2026-08-14T00:26:01,1.708,1.633,1.683,1,1,1
51d4b6c8-a1e1-4c9b-8f2a-000000000002,2026-08-14T04:08:07,1.745,1.67,1.725,1,1,1
51d4b6c8-a1e1-4c9b-8f2a-000000000002,2026-08-14T07:23:51,1.772,1.697,1.749,1,1,1
51d4b6c8-a1e1-4c9b-8f2a-000000000002,2026-08-14T11:18:57,1.749,1.674,1.734,1,1,1
51d4b6c8-a1e1-4c9b-8f2a-000000000002,2026-08-14T13:25:51,1.728,1.653,1.708,1,1,1
51d4b6c8-a1e1-4c9b-8f2a-000000000002,2026-08-14T15:38:42,1.716,1.641,1.699,1,1,1
51d4b6c8-a1e1-4c9b-8f2a-000000000002,2026-08-14T18:02:25,1.693,1.618,1.671,1,1,1
51d4b6c8-a1e1-4c9b-8f2a-000000000002,2026-08-14T21:51:59,1.691,1.616,1.668,1,1,1
51d4b6c8-a1e1-4c9b-8f2a-000000000002,2026-08-15T00:35:43,1.711,1.636,1.691,1,1,1
51d4b6c8-a1e1-4c9b-8f2a-000000000002,2026-08-15T04:34:27,1.744,1.669,1.724,1,1,1
51d4b6c8-a1e1-4c9b-8f2a-000000000002,2026-08-15T08:20:29,1.768,1.693,1.749,1,1,1
51d4b6c8-a1e1-4c9b-8f2a-000000000002,2026-08-15T10:36:31,1.76,1.685,1.737,1,1,1
51d4b6c8-a1e1-4c9b-8f2a-000000000002,2026-08-15T14:31:41,1.726,1.651,1.709,1,1,1
51d4b6c8-a1e1-4c9b-8f2a-000000000002,2026-08-15T17:31:09,1.696,1.621,1.676,1,1,1
51d4b6c8-a1e1-4c9b-8f2a-000000000002,2026-08-15T20:58:16,1.686,1.611,1.664,1,1,1
51d4b6c8-a1e1-4c9b-8f2a-000000000002,2026-08-16T00:53:12,1.704,1.629,1.689,1,1,1
51d4b6c8-a1e1-4c9b-8f2a-000000000002,2026-08-16T02:59:26,1.719,1.644,1.701,1,1,1
51d4b6c8-a1e1-4c9b-8f2a-000000000002,2026-08-16T05:00:24,1.747,1.672,1.723,1,1,1
51d4b6c8-a1e1-4c9b-8f2a-000000000002,2026-08-16T08:27:55,1.758,1.683,1.74,1,1,1
51d4b6c8-a1e1-4c9b-8f2a-000000000002,2026-08-16T10:59:32,1.747,1.672,1.722,1,1,1
51d4b6c8-a1e1-4c9b-8f2a-000000000002,2026-08-16T13:11:54,1.73,1.655,1.709,1,1,1
51d4b6c8-a1e1-4c9b-8f2a-000000000002,2026-08-16T16:54:29,1.703,1.628,1.681,1,1,1
51d4b6c8-a1e1-4c9b-8f2a-000000000002,2026-08-16T19:17:33,1.692,1.617,1.672,1,1,1
51d4b6c8-a1e1-4c9b-8f2a-000000000002,2026-08-16T23:01:16,1.7,1.625,1.682,1,1,1
51d4b6c8-a1e1-4c9b-8f2a-000000000002,2026-08-17T01:52:24,1.698,1.623,1.678,1,1,1
51d4b6c8-a1e1-4c9b-8f2a-000000000002,2026-08-17T04:05:36,1.729,1.654,1.709,1,1,1
51d4b6c8-a1e1-4c9b-8f2a-000000000002,2026-08-17T06:27:25,1.77,1.695,1.751,1,1,1
51d4b6c8-a1e1-4c9b-8f2a-000000000002,2026-08-17T08:39:30,1.794,1.719,1.774,1,1,1
51d4b6c8-a1e1-4c9b-8f2a-000000000002,2026-08-17T10:41:09,1.784,1.709,1.762,1,1,1
51d4b6c8-a1e1-4c9b-8f2a-000000000002,2026-08-17T14:10:06,1.754,1.679,1.731,1,1,1
51d4b6c8-a1e1-4c9b-8f2a-000000000002,2026-08-17T16:35:18,1.735,1.66,1.714,1,1,1
51d4b6c8-a1e1-4c9b-8f2a-000000000002,2026-08-17T20:04:25,1.722,1.647,1.701,1,1,1
51d4b6c8-a1e1-4c9b-8f2a-000000000002,2026-08-17T23:28:59,1.733,1.658,1.714,1,1,1
51d4b6c8-a1e1-4c9b-8f2a-000000000002,2026-08-18T02:10:07,1.725,1.65,1.705,1,1,1
51d4b6c8-a1e1-4c9b-8f2a-000000000002,2026-08-18T04:33:08,1.753,1.678,1.739,1,1,1
51d4b6c8-a1e1-4c9b-8f2a-000000000002,2026-08-18T08:15:32,1.771,1.696,1.746,1,1,1
51d4b6c8-a1e1-4c9b-8f2a-000000000002,2026-08-18T12:04:51,1.752,1.677,1.736,1,1,1
51d4b6c8-a1e1-4c9b-8f2a-000000000002,2026-08-18T15:05:18,1.738,1.663,1.719,1,1,1
51d4b6c8-a1e1-4c9b-8f2a-000000000002,2026-08-18T18:13:15,1.714,1.639,1.69,1,1,1
51d4b6c8-a1e1-4c9b-8f2a-000000000002,2026-08-18T21:00:57,1.704,1.629,1.686,1,1,1
51d4b6c8-a1e1-4c9b-8f2a-000000000002,2026-08-18T23:47:03,1.721,1.646,1.703,1,1,1
51d4b6c8-a1e1-4c9b-8f2a-000000000002,2026-08-19T02:09:08,1.75,1.675,1.734,1,1,1
51d4b6c8-a1e1-4c9b-8f2a-000000000002,2026-08-19T05:03:47,1.766,1.691,1.746,1,1,1
51d4b6c8-a1e1-4c9b-8f2a-000000000002,2026-08-19T07:30:14,1.773,1.698,1.755,1,1,1
51d4b6c8-a1e1-4c9b-8f2a-000000000002,2026-08-19T09:34:55,1.785,1.71,1.76,1,1,1
51d4b6c8-a1e1-4c9b-8f2a-000000000002,2026-08-19T12:07:22,1.757,1.682,1.739,1,1,1
51d4b6c8-a1e1-4c9b-8f2a-000000000002,2026-08-19T14:07:32,1.739,1.664,1.718,1,1,1
51d4b6c8-a1e1-4c9b-8f2a-000000000002,2026-08-19T16:17:32,1.719,1.644,1.696,1,1,1
51d4b6c8-a1e1-4c9b-8f2a-000000000002,2026-08-19T18:56:29,1.716,1.641,1.691,1,1,1
51d4b6c8-a1e1-4c9b-8f2a-000000000002,2026-08-19T21:22:48,1.711,1.636,1.683,1,1,1
51d4b6c8-a1e1-4c9b-8f2a-000000000002,2026-08-20T00:56:11,1.739,1.664,1.723,1,1,1
51d4b6c8-a1e1-4c9b-8f2a-000000000002,2026-08-20T03:42:01,1.751,1.676,1.726,1,1,1
51d4b6c8-a1e1-4c9b-8f2a-000000000002,2026-08-20T06:08:30,1.771,1.696,1.749,1,1,1
51d4b6c8-a1e1-4c9b-8f2a-000000000002,2026-08-20T09:38:50,1.785,1.71,1.76,1,1,1
51d4b6c8-a1e1-4c9b-8f2a-000000000002,2026-08-20T11:50:05,1.78,1.705,1.766,1,1,1
51d4b6c8-a1e1-4c9b-8f2a-000000000002,2026-08-20T14:12:45,1.749,1.674,1.731,1,1,1
51d4b6c8-a1e1-4c9b-8f2a-000000000002,2026-08-20T16:34:05,1.73,1.655,1.709,1,1,1
51d4b6c8-a1e1-4c9b-8f2a-000000000002,2026-08-20T18:42:43,1.727,1.652,1.71,1,1,0
51d4b6c8-a1e1-4c9b-8f2a-000000000002,2026-08-20T22:09:56,1.717,1.642,1.695,1,1,1
51d4b6c8-a1e1-4c9b-8f2a-000000000002,2026-08-21T00:12:25,1.741,1.666,1.724,1,1,1
51d4b6c8-a1e1-4c9b-8f2a-000000000002,2026-08-21T02:22:27,1.765,1.69,1.745,1,1,1
51d4b6c8-a1e1-4c9b-8f2a-000000000002,2026-08-21T06:18:25,1.796,1.721,1.774,1,1,1
51d4b6c8-a1e1-4c9b-8f2a-000000000002,2026-08-21T08:42:42,1.801,1.726,1.78,1,1,1
51d4b6c8-a1e1-4c9b-8f2a-000000000002,2026-08-21T11:02:16,1.796,1.721,1.774,1,1,1
51d4b6c8-a1e1-4c9b-8f2a-000000000002,2026-08-21T13:17:02,1.778,1.703,1.759,1,1,1
51d4b6c8-a1e1-4c9b-8f2a-000000000002,2026-08-21T16:18:25,1.747,1.672,1.73,1,1,1
51d4b6c8-a1e1-4c9b-8f2a-000000000002,2026-08-21T18:36:07,1.738,1.663,1.724,1,1,1
51d4b6c8-a1e1-4c9b-8f2a-000000000002,2026-08-21T21:22:17,1.732,1.657,1.712,1,1,1
51d4b6c8-a1e1-4c9b-8f2a-000000000002,2026-08-21T23:34:29,1.744,1.669,1.727,1,1,1
51d4b6c8-a1e1-4c9b-8f2a-000000000002,2026-08-22T01:48:41,1.771,1.696,1.749,1,1,1
51d4b6c8-a1e1-4c9b-8f2a-000000000002,2026-08-22T04:52:21,1.8,1.725,1.778,1,1,1
51d4b6c8-a1e1-4c9b-8f2a-000000000002,2026-08-22T08:12:25,1.824,1.749,1.809,1,1,1
51d4b6c8-a1e1-4c9b-8f2a-000000000002,2026-08-22T11:31:50,1.812,1.737,1.788,1,1,1
51d4b6c8-a1e1-4c9b-8f2a-000000000002,2026-08-22T13:40:59,1.8,1.725,1.778,1,1,1
51d4b6c8-a1e1-4c9b-8f2a-000000000002,2026-08-22T16:27:52,1.772,1.697,1.749,1,1,1
51d4b6c8-a1e1-4c9b-8f2a-000000000002,2026-08-22T18:35:56,1.748,1.673,1.736,1,1,1
51d4b6c8-a1e1-4c9b-8f2a-000000000002,2026-08-22T20:57:46,1.751,1.676,1.734,1,1,1
51d4b6c8-a1e1-4c9b-8f2a-000000000002,2026-08-23T00:20:59,1.773,1.698,1.755,1,1,1
51d4b6c8-a1e1-4c9b-8f2a-000000000002,2026-08-23T02:50:29,1.779,1.704,1.759,1,1,1
51d4b6c8-a1e1-4c9b-8f2a-000000000002,2026-08-23T05:54:23,1.806,1.731,1.783,1,1,1
51d4b6c8-a1e1-4c9b-8f2a-000000000002,2026-08-23T09:17:36,1.819,1.744,1.797,1,1,1
51d4b6c8-a1e1-4c9b-8f2a-000000000002,2026-08-23T11:17:57,1.812,1.737,1.798,1,1,1
51d4b6c8-a1e1-4c9b-8f2a-000000000002,2026-08-23T13:25:06,1.799,1.724,1.774,1,1,1
51d4b6c8-a1e1-4c9b-8f2a-000000000002,2026-08-23T17:03:23,1.762,1.687,1.749,1,1,1
51d4b6c8-a1e1-4c9b-8f2a-000000000002,2026-08-23T19:32:29,1.752,1.677,1.733,1,1,1
51d4b6c8-a1e1-4c9b-8f2a-000000000002,2026-08-23T23:27:55,1.755,1.68,1.738,1,1,1
51d4b6c8-a1e1-4c9b-8f2a-000000000002,2026-08-24T02:52:05,1.777,1.702,1.76,1,1,1
51d4b6c8-a1e1-4c9b-8f2a-000000000002,2026-08-24T06:36:33,1.804,1.729,1.787,1,1,1
51d4b6c8-a1e1-4c9b-8f2a-000000000002,2026-08-24T10:14:12,1.807,1.732,1.792,1,1,1
51d4b6c8-a1e1-4c9b-8f2a-000000000002,2026-08-24T13:43:58,1.779,1.704,1.757,1,1,1
51d4b6c8-a1e1-4c9b-8f2a-000000000002,2026-08-24T17:07:24,1.757,1.682,1.742,1,1,1
51d4b6c8-a1e1-4c9b-8f2a-000000000002,2026-08-24T19:11:15,1.739,1.664,1.721,1,1,1
51d4b6c8-a1e1-4c9b-8f2a-000000000002,2026-08-24T22:56:22,1.748,1.673,1.722,1,1,0
51d4b6c8-a1e1-4c9b-8f2a-000000000002,2026-08-25T01:56:35,1.745,1.67,1.729,1,1,1
51d4b6c8-a1e1-4c9b-8f2a-000000000002,2026-08-25T05:53:57,1.784,1.709,1.768,1,1,1
51d4b6c8-a1e1-4c9b-8f2a-000000000002,2026-08-25T08:20:13,1.801,1.726,1.784,1,1,1
51d4b6c8-a1e1-4c9b-8f2a-000000000002,2026-08-25T11:16:25,1.776,1.701,1.752,1,1,1
51d4b6c8-a1e1-4c9b-8f2a-000000000002,2026-08-25T13:36:12,1.761,1.686,1.742,1,1,1
51d4b6c8-a1e1-4c9b-8f2a-000000000002,2026-08-25T16:48:35,1.743,1.668,1.724,1,1,1
51d4b6c8-a1e1-4c9b-8f2a-000000000002,2026-08-25T19:53:34,1.729,1.654,1.708,1,1,1
51d4b6c8-a1e1-4c9b-8f2a-000000000002,2026-08-25T23:10:11,1.738,1.663,1.726,1,1,1
51d4b6c8-a1e1-4c9b-8f2a-000000000002,2026-08-26T02:17:57,1.755,1.68,1.733,1,1,1
51d4b6c8-a1e1-4c9b-8f2a-000000000002,2026-08-26T04:18:58,1.78,1.705,1.763,1,1,1
51d4b6c8-a1e1-4c9b-8f2a-000000000002,2026-08-26T06:42:22,1.788,1.713,1.767,1,1,1
51d4b6c8-a1e1-4c9b-8f2a-000000000002,2026-08-26T09:31:14,1.802,1.727,1.785,1,1,1
51d4b6c8-a1e1-4c9b-8f2a-000000000002,2026-08-26T11:49:15,1.783,1.708,1.765,1,1,1
51d4b6c8-a1e1-4c9b-8f2a-000000000002,2026-08-26T14:07:26,1.76,1.685,1.739,1,1,1
51d4b6c8-a1e1-4c9b-8f2a-000000000002,2026-08-26T17:33:39,1.733,1.658,1.713,1,1,1
51d4b6c8-a1e1-4c9b-8f2a-000000000002,2026-08-26T21:29:18,1.726,1.651,1.702,1,1,1
51d4b6c8-a1e1-4c9b-8f2a-000000000002,2026-08-27T01:20:55,1.764,1.689,1.74,1,1,1
51d4b6c8-a1e1-4c9b-8f2a-000000000002,2026-08-27T04:12:38,1.789,1.714,1.766,1,1,1
51d4b6c8-a1e1-4c9b-8f2a-000000000002,2026-08-27T06:37:41,1.799,1.724,1.777,1,1,1
51d4b6c8-a1e1-4c9b-8f2a-000000000002,2026-08-27T10:14:15,1.801,1.726,1.779,1,1,1
51d4b6c8-a1e1-4c9b-8f2a-000000000002,2026-08-27T14:10:32,1.766,1.691,1.743,1,1,1
51d4b6c8-a1e1-4c9b-8f2a-000000000002,2026-08-27T16:29:54,1.755,1.68,1.736,1,1,1
51d4b6c8-a1e1-4c9b-8f2a-000000000002,2026-08-27T18:51:25,1.74,1.665,1.72,1,1,1
51d4b6c8-a1e1-4c9b-8f2a-000000000002,2026-08-27T22:09:27,1.752,1.677,1.735,1,1,1
51d4b6c8-a1e1-4c9b-8f2a-000000000002,2026-08-28T00:14:12,1.772,1.697,1.753,1,1,1
51d4b6c8-a1e1-4c9b-8f2a-000000000002,2026-08-28T02:58:12,1.796,1.721,1.775,1,1,1
51d4b6c8-a1e1-4c9b-8f2a-000000000002,2026-08-28T06:20:04,1.82,1.745,1.799,1,1,1
51d4b6c8-a1e1-4c9b-8f2a-000000000002,2026-08-28T09:37:20,1.821,1.746,1.806,0,0,1
51d4b6c8-a1e1-4c9b-8f2a-000000000002,2026-08-28T11:38:17,1.81,1.735,1.789,1,1,1
51d4b6c8-a1e1-4c9b-8f2a-000000000002,2026-08-28T14:24:52,1.792,1.717,1.774,1,1,1
51d4b6c8-a1e1-4c9b-8f2a-000000000002,2026-08-28T17:41:58,1.764,1.689,1.743,1,1,1
51d4b6c8-a1e1-4c9b-8f2a-000000000002,2026-08-28T21:32:40,1.753,1.678,1.735,1,1,1
51d4b6c8-a1e1-4c9b-8f2a-000000000002,2026-08-29T00:10:45,1.778,1.703,1.756,1,1,1
51d4b6c8-a1e1-4c9b-8f2a-000000000002,2026-08-29T02:15:20,1.79,1.715,1.771,1,1,1
51d4b6c8-a1e1-4c9b-8f2a-000000000002,2026-08-29T04:53:46,1.818,1.743,1.8,1,1,1
51d4b6c8-a1e1-4c9b-8f2a-000000000002,2026-08-29T07:45:22,1.84,1.765,1.822,1,1,1
51d4b6c8-a1e1-4c9b-8f2a-000000000002,2026-08-29T11:39:41,1.819,1.744,1.8,1,1,1
51d4b6c8-a1e1-4c9b-8f2a-000000000002,2026-08-29T14:28:18,1.796,1.721,1.77,1,1,1
51d4b6c8-a1e1-4c9b-8f2a-000000000002,2026-08-29T17:31:16,1.77,1.695,1.755,1,1,1
51d4b6c8-a1e1-4c9b-8f2a-000000000002,2026-08-29T20:12:19,1.767,1.692,1.749,1,1,1
51d4b6c8-a1e1-4c9b-8f2a-000000000002,2026-08-29T23:02:36,1.773,1.698,1.752,1,1,1
51d4b6c8-a1e1-4c9b-8f2a-000000000002,2026-08-30T02:25:45,1.804,1.729,1.785,1,1,1
51d4b6c8-a1e1-4c9b-8f2a-000000000002,2026-08-30T05:37:25,1.828,1.753,1.804,1,1,1
51d4b6c8-a1e1-4c9b-8f2a-000000000002,2026-08-30T09:30:05,1.841,1.766,1.818,1,1,1
51d4b6c8-a1e1-4c9b-8f2a-000000000002,2026-08-30T11:48:09,1.831,1.756,1.817,1,1,1
51d4b6c8-a1e1-4c9b-8f2a-000000000002,2026-08-30T14:36:55,1.815,1.74,1.795,1,1,1
51d4b6c8-a1e1-4c9b-8f2a-000000000002,2026-08-30T18:16:49,1.785,1.71,1.767,1,1,1
51d4b6c8-a1e1-4c9b-8f2a-000000000002,2026-08-30T22:14:18,1.781,1.706,1.76,1,1,1
51d4b6c8-a1e1-4c9b-8f2a-000000000002,2026-08-31T00:59:36,1.788,1.713,1.767,1,1,1
51d4b6c8-a1e1-4c9b-8f2a-000000000002,2026-08-31T04:37:16,1.818,1.743,1.796,1,1,1
51d4b6c8-a1e1-4c9b-8f2a-000000000002,2026-08-31T08:21:23,1.825,1.75,1.803,1,1,1
51d4b6c8-a1e1-4c9b-8f2a-000000000002,2026-08-31T11:26:29,1.822,1.747,1.8,1,1,1
51d4b6c8-a1e1-4c9b-8f2a-000000000002,2026-08-31T13:47:35,1.806,1.731,1.783,1,1,1
51d4b6c8-a1e1-4c9b-8f2a-000000000002,2026-08-31T17:29:00,1.767,1.692,1.748,1,1,1
51d4b6c8-a1e1-4c9b-8f2a-000000000002,2026-08-31T20:43:26,1.761,1.686,1.741,1,1,1
51d4b6c8-a1e1-4c9b-8f2a-000000000002,2026-09-01T00:01:24,1.762,1.687,1.744,1,1,1
51d4b6c8-a1e1-4c9b-8f2a-000000000002,2026-09-01T03:31:36,1.793,1.718,1.772,1,1,1
51d4b6c8-a1e1-4c9b-8f2a-000000000002,2026-09-01T06:06:23,1.815,1.74,1.799,1,1,1
51d4b6c8-a1e1-4c9b-8f2a-000000000002,2026-09-01T08:52:07,1.825,1.75,1.811,1,1,1
51d4b6c8-a1e1-4c9b-8f2a-000000000002,2026-09-01T11:41:40,1.807,1.732,1.782,1,1,1
51d4b6c8-a1e1-4c9b-8f2a-000000000002,2026-09-01T13:42:35,1.794,1.719,1.776,1,1,1
51d4b6c8-a1e1-4c9b-8f2a-000000000002,2026-09-01T17:23:12,1.754,1.679,1.735,1,1,1
51d4b6c8-a1e1-4c9b-8f2a-000000000002,2026-09-01T21:11:14,1.748,1.673,1.724,1,1,1
51d4b6c8-a1e1-4c9b-8f2a-000000000002,2026-09-02T00:49:38,1.76,1.685,1.747,1,1,1
51d4b6c8-a1e1-4c9b-8f2a-000000000002,2026-09-02T04:48:46,1.811,1.736,1.788,1,1,1
51d4b6c8-a1e1-4c9b-8f2a-000000000002,2026-09-02T08:24:56,1.818,1.743,1.802,1,1,1
51d4b6c8-a1e1-4c9b-8f2a-000000000002,2026-09-02T12:22:13,1.807,1.732,1.786,1,1,1
51d4b6c8-a1e1-4c9b-8f2a-000000000002,2026-09-02T15:58:21,1.769,1.694,1.745,1,1,1
51d4b6c8-a1e1-4c9b-8f2a-000000000002,2026-09-02T19:39:31,1.745,1.67,1.727,1,1,1
51d4b6c8-a1e1-4c9b-8f2a-000000000002,2026-09-02T21:50:42,1.743,1.668,1.72,1,1,1
51d4b6c8-a1e1-4c9b-8f2a-000000000002,2026-09-02T23:54:03,1.746,1.671,1.722,1,1,1
51d4b6c8-a1e1-4c9b-8f2a-000000000002,2026-09-03T02:09:43,1.788,1.713,1.766,1,1,1
51d4b6c8-a1e1-4c9b-8f2a-000000000002,2026-09-03T04:38:29,1.807,1.732,1.788,1,1,1
51d4b6c8-a1e1-4c9b-8f2a-000000000002,2026-09-03T08:12:48,1.83,1.755,1.808,1,1,1
51d4b6c8-a1e1-4c9b-8f2a-000000000002,2026-09-03T12:05:00,1.807,1.732,1.79,1,1,1
51d4b6c8-a1e1-4c9b-8f2a-000000000002,2026-09-03T15:16:31,1.785,1.71,1.771,1,1,1
51d4b6c8-a1e1-4c9b-8f2a-000000000002,2026-09-03T17:27:38,1.768,1.693,1.746,1,1,1
51d4b6c8-a1e1-4c9b-8f2a-000000000002,2026-09-03T19:30:17,1.763,1.688,1.742,1,1,1
51d4b6c8-a1e1-4c9b-8f2a-000000000002,2026-09-03T22:52:45,1.766,1.691,1.746,1,1,1
51d4b6c8-a1e1-4c9b-8f2a-000000000002,2026-09-04T00:53:58,1.782,1.707,1.76,1,1,1
51d4b6c8-a1e1-4c9b-8f2a-000000000002,2026-09-04T02:57:45,1.81,1.735,1.787,1,1,1
51d4b6c8-a1e1-4c9b-8f2a-000000000002,2026-09-04T05:16:45,1.837,1.762,1.816,1,1,1
51d4b6c8-a1e1-4c9b-8f2a-000000000002,2026-09-04T07:20:18,1.848,1.773,1.829,1,1,1
51d4b6c8-a1e1-4c9b-8f2a-000000000002,2026-09-04T09:46:20,1.847,1.772,1.832,1,0,1
51d4b6c8-a1e1-4c9b-8f2a-000000000002,2026-09-04T13:39:07,1.825,1.75,1.803,1,1,1
51d4b6c8-a1e1-4c9b-8f2a-000000000002,2026-09-04T16:14:26,1.792,1.717,1.772,1,1,1
51d4b6c8-a1e1-4c9b-8f2a-000000000002,2026-09-04T19:02:26,1.783,1.708,1.765,1,1,1
51d4b6c8-a1e1-4c9b-8f2a-000000000002,2026-09-04T21:49:34,1.78,1.705,1.758,1,1,1
51d4b6c8-a1e1-4c9b-8f2a-000000000002,2026-09-05T01:24:52,1.813,1.738,1.789,1,1,1
51d4b6c8-a1e1-4c9b-8f2a-000000000002,2026-09-05T05:02:46,1.847,1.772,1.825,1,1,1
51d4b6c8-a1e1-4c9b-8f2a-000000000002,2026-09-05T08:10:49,1.862,1.787,1.843,1,1,1
51d4b6c8-a1e1-4c9b-8f2a-000000000002,2026-09-05T11:12:11,1.847,1.772,1.832,1,1,1
51d4b6c8-a1e1-4c9b-8f2a-000000000002,2026-09-05T14:29:36,1.825,1.75,1.806,1,1,1
51d4b6c8-a1e1-4c9b-8f2a-000000000002,2026-09-05T18:04:30,1.803,1.728,1.785,1,1,1
51d4b6c8-a1e1-4c9b-8f2a-000000000002,2026-09-05T20:49:09,1.791,1.716,1.774,1,1,1
51d4b6c8-a1e1-4c9b-8f2a-000000000002,2026-09-05T23:44:59,1.808,1.733,1.786,1,1,1
51d4b6c8-a1e1-4c9b-8f2a-000000000002,2026-09-06T02:31:15,1.827,1.752,1.806,1,1,1
51d4b6c8-a1e1-4c9b-8f2a-000000000002,2026-09-06T06:17:16,1.871,1.796,1.854,1,1,1
51d4b6c8-a1e1-4c9b-8f2a-000000000002,2026-09-06T09:07:52,1.863,1.788,1.845,1,1,1
51d4b6c8-a1e1-4c9b-8f2a-000000000002,2026-09-06T12:07:43,1.853,1.778,1.834,1,1,1
51d4b6c8-a1e1-4c9b-8f2a-000000000002,2026-09-06T14:28:15,1.839,1.764,1.819,1,1,1
51d4b6c8-a1e1-4c9b-8f2a-000000000002,2026-09-06T18:10:59,1.812,1.737,1.791,1,1,1
51d4b6c8-a1e1-4c9b-8f2a-000000000002,2026-09-06T21:51:59,1.806,1.731,1.79,1,1,0
51d4b6c8-a1e1-4c9b-8f2a-000000000002,2026-09-07T00:00:19,1.808,1.733,1.783,1,1,1
51d4b6c8-a1e1-4c9b-8f2a-000000000002,2026-09-07T02:33:16,1.819,1.744,1.798,1,1,1
51d4b6c8-a1e1-4c9b-8f2a-000000000002,2026-09-07T05:20:28,1.844,1.769,1.826,1,1,1
51d4b6c8-a1e1-4c9b-8f2a-000000000002,2026-09-07T09:16:32,1.865,1.79,1.846,1,1,1
51d4b6c8-a1e1-4c9b-8f2a-000000000002,2026-09-07T11:17:47,1.851,1.776,1.835,1,1,1
51d4b6c8-a1e1-4c9b-8f2a-000000000002,2026-09-07T14:10:03,1.832,1.757,1.807,1,1,1
51d4b6c8-a1e1-4c9b-8f2a-000000000002,2026-09-07T18:08:48,1.805,1.73,1.783,1,1,1
51d4b6c8-a1e1-4c9b-8f2a-000000000002,2026-09-07T21:43:00,1.81,1.735,1.788,1,1,1
51d4b6c8-a1e1-4c9b-8f2a-000000000002,2026-09-08T01:20:30,1.818,1.743,1.8,1,1,1
51d4b6c8-a1e1-4c9b-8f2a-000000000002,2026-09-08T04:15:47,1.853,1.778,1.839,1,1,1
51d4b6c8-a1e1-4c9b-8f2a-000000000002,2026-09-08T07:05:23,1.863,1.788,1.846,1,1,1
51d4b6c8-a1e1-4c9b-8f2a-000000000002,2026-09-08T10:14:43,1.843,1.768,1.823,1,1,1
51d4b6c8-a1e1-4c9b-8f2a-000000000002,2026-09-08T12:46:23,1.842,1.767,1.824,0,1,1
51d4b6c8-a1e1-4c9b-8f2a-000000000002,2026-09-08T16:31:07,1.795,1.72,1.782,1,1,1
51d4b6c8-a1e1-4c9b-8f2a-000000000002,2026-09-08T18:38:21,1.792,1.717,1.778,1,1,1
51d4b6c8-a1e1-4c9b-8f2a-000000000002,2026-09-08T21:00:54,1.79,1.715,1.765,1,1,1
51d4b6c8-a1e1-4c9b-8f2a-000000000002,2026-09-09T00:32:10,1.8,1.725,1.781,1,1,1
51d4b6c8-a1e1-4c9b-8f2a-000000000002,2026-09-09T03:32:42,1.829,1.754,1.815,1,1,1
51d4b6c8-a1e1-4c9b-8f2a-000000000002,2026-09-09T06:34:19,1.852,1.777,1.835,1,1,1
51d4b6c8-a1e1-4c9b-8f2a-000000000002,2026-09-09T08:54:02,1.862,1.787,1.845,1,1,1
51d4b6c8-a1e1-4c9b-8f2a-000000000002,2026-09-09T12:23:26,1.843,1.768,1.821,1,1,1
51d4b6c8-a1e1-4c9b-8f2a-000000000002,2026-09-09T14:26:52,1.818,1.743,1.799,1,1,1
51d4b6c8-a1e1-4c9b-8f2a-000000000002,2026-09-09T17:18:38,1.792,1.717,1.772,1,1,1
51d4b6c8-a1e1-4c9b-8f2a-000000000002,2026-09-09T19:25:01,1.789,1.714,1.769,1,1,1
51d4b6c8-a1e1-4c9b-8f2a-000000000002,2026-09-09T22:00:18,1.784,1.709,1.762,1,1,1
51d4b6c8-a1e1-4c9b-8f2a-000000000002,2026-09-10T00:59:32,1.808,1.733,1.79,1,1,1
51d4b6c8-a1e1-4c9b-8f2a-000000000002,2026-09-10T03:05:54,1.832,1.757,1.813,1,1,1
51d4b6c8-a1e1-4c9b-8f2a-000000000002,2026-09-10T05:18:02,1.854,1.779,1.833,1,1,1
51d4b6c8-a1e1-4c9b-8f2a-000000000002,2026-09-10T08:46:06,1.859,1.784,1.841,1,1,1
51d4b6c8-a1e1-4c9b-8f2a-000000000002,2026-09-10T12:20:23,1.843,1.768,1.823,1,1,1
51d4b6c8-a1e1-4c9b-8f2a-000000000002,2026-09-10T15:20:47,1.809,1.734,1.79,1,1,1
51d4b6c8-a1e1-4c9b-8f2a-000000000002,2026-09-10T19:09:35,1.792,1.717,1.774,1,1,1
51d4b6c8-a1e1-4c9b-8f2a-000000000002,2026-09-10T21:26:36,1.79,1.715,1.77,1,1,1
51d4b6c8-a1e1-4c9b-8f2a-000000000003,2026-05-13T23:00:00,1.684,1.609,1.666,1,1,1
51d4b6c8-a1e1-4c9b-8f2a-000000000003,2026-05-14T02:56:20,1.709,1.634,1.689,1,1,1
51d4b6c8-a1e1-4c9b-8f2a-000000000003,2026-05-14T05:09:28,1.734,1.659,1.716,1,1,1
51d4b6c8-a1e1-4c9b-8f2a-000000000003,2026-05-14T07:29:32,1.748,1.673,1.729,1,1,1
51d4b6c8-a1e1-4c9b-8f2a-000000000003,2026-05-14T10:57:53,1.739,1.664,1.719,1,1,1
51d4b6c8-a1e1-4c9b-8f2a-000000000003,2026-05-14T13:41:36,1.715,1.64,1.699,1,1,1
51d4b6c8-a1e1-4c9b-8f2a-000000000003,2026-05-14T17:28:34,1.678,1.603,1.657,1,1,1
51d4b6c8-a1e1-4c9b-8f2a-000000000003,2026-05-14T20:50:51,1.686,1.611,1.667,1,1,1
51d4b6c8-a1e1-4c9b-8f2a-000000000003,2026-05-15T00:33:36,1.702,1.627,1.682,1,1,1
51d4b6c8-a1e1-4c9b-8f2a-000000000003,2026-05-15T04:30:24,1.743,1.668,1.721,1,1,1
51d4b6c8-a1e1-4c9b-8f2a-000000000003,2026-05-15T08:24:59,1.748,1.673,1.725,1,1,1
51d4b6c8-a1e1-4c9b-8f2a-000000000003,2026-05-15T11:18:54,1.738,1.663,1.717,1,1,1
51d4b6c8-a1e1-4c9b-8f2a-000000000003,2026-05-15T14:40:23,1.716,1.641,1.698,1,1,1
51d4b6c8-a1e1-4c9b-8f2a-000000000003,2026-05-15T16:45:19,1.697,1.622,1.681,1,1,1
51d4b6c8-a1e1-4c9b-8f2a-000000000003,2026-05-15T19:37:20,1.681,1.606,1.659,1,1,1
51d4b6c8-a1e1-4c9b-8f2a-000000000003,2026-05-15T22:37:12,1.686,1.611,1.666,1,1,1
51d4b6c8-a1e1-4c9b-8f2a-000000000003,2026-05-16T02:33:12,1.718,1.643,1.697,1,1,1
51d4b6c8-a1e1-4c9b-8f2a-000000000003,2026-05-16T04:35:04,1.743,1.668,1.727,1,1,1
51d4b6c8-a1e1-4c9b-8f2a-000000000003,2026-05-16T06:41:27,1.76,1.685,1.742,1,1,1
51d4b6c8-a1e1-4c9b-8f2a-000000000003,2026-05-16T09:23:29,1.763,1.688,1.74,1,1,1
51d4b6c8-a1e1-4c9b-8f2a-000000000003,2026-05-16T12:55:45,1.745,1.67,1.727,1,1,1
51d4b6c8-a1e1-4c9b-8f2a-000000000003,2026-05-16T16:05:58,1.71,1.635,1.693,1,1,1
51d4b6c8-a1e1-4c9b-8f2a-000000000003,2026-05-16T18:48:32,1.692,1.617,1.673,1,1,1
51d4b6c8-a1e1-4c9b-8f2a-000000000003,2026-05-16T21:19:53,1.692,1.617,1.675,0,0,1
51d4b6c8-a1e1-4c9b-8f2a-000000000003,2026-05-17T00:41:21,1.716,1.641,1.696,1,1,1
51d4b6c8-a1e1-4c9b-8f2a-000000000003,2026-05-17T03:47:52,1.744,1.669,1.726,1,1,1
51d4b6c8-a1e1-4c9b-8f2a-000000000003,2026-05-17T07:03:16,1.76,1.685,1.739,1,1,1
51d4b6c8-a1e1-4c9b-8f2a-000000000003,2026-05-17T09:56:17,1.768,1.693,1.746,1,1,1
51d4b6c8-a1e1-4c9b-8f2a-000000000003,2026-05-17T12:52:30,1.745,1.67,1.729,1,1,1
51d4b6c8-a1e1-4c9b-8f2a-000000000003,2026-05-17T16:47:24,1.709,1.634,1.685,1,1,1
51d4b6c8-a1e1-4c9b-8f2a-000000000003,2026-05-17T19:23:41,1.698,1.623,1.674,1,1,1
51d4b6c8-a1e1-4c9b-8f2a-000000000003,2026-05-17T21:58:53,1.689,1.614,1.671,1,1,1
51d4b6c8-a1e1-4c9b-8f2a-000000000003,2026-05-17T23:59:36,1.695,1.62,1.676,1,1,1
51d4b6c8-a1e1-4c9b-8f2a-000000000003,2026-05-18T03:39:11,1.723,1.648,1.704,1,1,1
51d4b6c8-a1e1-4c9b-8f2a-000000000003,2026-05-18T06:14:03,1.743,1.668,1.723,1,1,1
51d4b6c8-a1e1-4c9b-8f2a-000000000003,2026-05-18T09:42:47,1.743,1.668,1.725,0,0,1
51d4b6c8-a1e1-4c9b-8f2a-000000000003,2026-05-18T13:11:38,1.716,1.641,1.698,1,1,1
51d4b6c8-a1e1-4c9b-8f2a-000000000003,2026-05-18T15:48:56,1.701,1.626,1.681,1,1,1
51d4b6c8-a1e1-4c9b-8f2a-000000000003,2026-05-18T19:11:28,1.671,1.596,1.652,1,1,1
51d4b6c8-a1e1-4c9b-8f2a-000000000003,2026-05-18T21:35:59,1.674,1.599,1.651,1,1,0
51d4b6c8-a1e1-4c9b-8f2a-000000000003,2026-05-18T23:42:40,1.686,1.611,1.668,1,1,1
51d4b6c8-a1e1-4c9b-8f2a-000000000003,2026-05-19T02:48:16,1.685,1.61,1.66,0,0,1
51d4b6c8-a1e1-4c9b-8f2a-000000000003,2026-05-19T06:02:20,1.718,1.643,1.699,1,1,1
51d4b6c8-a1e1-4c9b-8f2a-000000000003,2026-05-19T08:22:49,1.712,1.637,1.691,1,1,1
51d4b6c8-a1e1-4c9b-8f2a-000000000003,2026-05-19T10:57:38,1.7,1.625,1.679,1,1,1
51d4b6c8-a1e1-4c9b-8f2a-000000000003,2026-05-19T14:21:21,1.673,1.598,1.654,1,1,1
51d4b6c8-a1e1-4c9b-8f2a-000000000003,2026-05-19T16:24:42,1.657,1.582,1.636,1,1,1
51d4b6c8-a1e1-4c9b-8f2a-000000000003,2026-05-19T20:11:53,1.65,1.575,1.632,1,1,1
51d4b6c8-a1e1-4c9b-8f2a-000000000003,2026-05-20T00:07:25,1.654,1.579,1.637,1,1,1
51d4b6c8-a1e1-4c9b-8f2a-000000000003,2026-05-20T03:50:07,1.676,1.601,1.66,1,1,1
51d4b6c8-a1e1-4c9b-8f2a-000000000003,2026-05-20T06:37:00,1.706,1.631,1.686,1,1,1
51d4b6c8-a1e1-4c9b-8f2a-000000000003,2026-05-20T10:02:49,1.701,1.626,1.686,1,1,0
51d4b6c8-a1e1-4c9b-8f2a-000000000003,2026-05-20T12:39:10,1.69,1.615,1.668,1,1,1
51d4b6c8-a1e1-4c9b-8f2a-000000000003,2026-05-20T15:58:15,1.666,1.591,1.644,1,1,1
51d4b6c8-a1e1-4c9b-8f2a-000000000003,2026-05-20T19:01:18,1.639,1.564,1.617,1,1,1
51d4b6c8-a1e1-4c9b-8f2a-000000000003,2026-05-20T21:49:45,1.641,1.566,1.62,1,1,1
51d4b6c8-a1e1-4c9b-8f2a-000000000003,2026-05-21T00:01:20,1.674,1.599,1.655,1,1,1
51d4b6c8-a1e1-4c9b-8f2a-000000000003,2026-05-21T03:38:22,1.688,1.613,1.675,1,1,1
51d4b6c8-a1e1-4c9b-8f2a-000000000003,2026-05-21T05:59:15,1.703,1.628,1.686,1,1,1
51d4b6c8-a1e1-4c9b-8f2a-000000000003,2026-05-21T08:12:59,1.724,1.649,1.707,1,1,1
51d4b6c8-a1e1-4c9b-8f2a-000000000003,2026-05-21T11:25:46,1.704,1.629,1.683,1,1,1
51d4b6c8-a1e1-4c9b-8f2a-000000000003,2026-05-21T15:24:26,1.676,1.601,1.658,1,1,1
51d4b6c8-a1e1-4c9b-8f2a-000000000003,2026-05-21T18:16:56,1.656,1.581,1.638,1,1,1
51d4b6c8-a1e1-4c9b-8f2a-000000000003,2026-05-21T20:40:00,1.64,1.565,1.617,1,1,1
51d4b6c8-a1e1-4c9b-8f2a-000000000003,2026-05-21T23:04:26,1.649,1.574,1.626,1,1,1
51d4b6c8-a1e1-4c9b-8f2a-000000000003,2026-05-22T01:13:04,1.685,1.61,1.658,1,1,1
51d4b6c8-a1e1-4c9b-8f2a-000000000003,2026-05-22T04:30:08,1.708,1.633,1.685,1,1,1
51d4b6c8-a1e1-4c9b-8f2a-000000000003,2026-05-22T07:44:21,1.725,1.65,1.706,1,1,1
51d4b6c8-a1e1-4c9b-8f2a-000000000003,2026-05-22T10:35:39,1.721,1.646,1.702,1,1,1
51d4b6c8-a1e1-4c9b-8f2a-000000000003,2026-05-22T12:49:48,1.703,1.628,1.681,1,1,1
51d4b6c8-a1e1-4c9b-8f2a-000000000003,2026-05-22T15:16:41,1.681,1.606,1.66,1,1,1
51d4b6c8-a1e1-4c9b-8f2a-000000000003,2026-05-22T19:01:16,1.663,1.588,1.645,1,1,1
51d4b6c8-a1e1-4c9b-8f2a-000000000003,2026-05-22T22:43:39,1.663,1.588,1.647,0,0,1
51d4b6c8-a1e1-4c9b-8f2a-000000000003,2026-05-23T00:56:57,1.688,1.613,1.667,1,1,1
51d4b6c8-a1e1-4c9b-8f2a-000000000003,2026-05-23T03:00:33,1.714,1.639,1.694,1,1,1
51d4b6c8-a1e1-4c9b-8f2a-000000000003,2026-05-23T06:06:12,1.736,1.661,1.714,1,1,1
51d4b6c8-a1e1-4c9b-8f2a-000000000003,2026-05-23T09:51:36,1.736,1.661,1.72,0,0,1
51d4b6c8-a1e1-4c9b-8f2a-000000000003,2026-05-23T13:23:28,1.717,1.642,1.697,1,1,1
51d4b6c8-a1e1-4c9b-8f2a-000000000003,2026-05-23T16:35:14,1.679,1.604,1.662,1,1,1
51d4b6c8-a1e1-4c9b-8f2a-000000000003,2026-05-23T18:40:15,1.661,1.586,1.641,1,1,1
51d4b6c8-a1e1-4c9b-8f2a-000000000003,2026-05-23T21:32:02,1.669,1.594,1.65,1,1,1
51d4b6c8-a1e1-4c9b-8f2a-000000000003,2026-05-24T01:04:52,1.682,1.607,1.66,1,1,1
51d4b6c8-a1e1-4c9b-8f2a-000000000003,2026-05-24T04:26:42,1.711,1.636,1.691,1,1,1
51d4b6c8-a1e1-4c9b-8f2a-000000000003,2026-05-24T07:18:16,1.731,1.656,1.713,1,1,1
51d4b6c8-a1e1-4c9b-8f2a-000000000003,2026-05-24T11:05:55,1.721,1.646,1.7,1,1,1
51d4b6c8-a1e1-4c9b-8f2a-000000000003,2026-05-24T13:33:46,1.707,1.632,1.692,1,1,1
51d4b6c8-a1e1-4c9b-8f2a-000000000003,2026-05-24T17:20:22,1.668,1.593,1.653,1,1,1
51d4b6c8-a1e1-4c9b-8f2a-000000000003,2026-05-24T20:57:53,1.665,1.59,1.646,1,1,1
51d4b6c8-a1e1-4c9b-8f2a-000000000003,2026-05-24T23:03:08,1.676,1.601,1.655,1,1,1
51d4b6c8-a1e1-4c9b-8f2a-000000000003,2026-05-25T02:00:34,1.689,1.614,1.67,1,1,1
51d4b6c8-a1e1-4c9b-8f2a-000000000003,2026-05-25T05:05:48,1.707,1.632,1.689,1,1,1
51d4b6c8-a1e1-4c9b-8f2a-000000000003,2026-05-25T08:31:23,1.717,1.642,1.695,1,1,1
51d4b6c8-a1e1-4c9b-8f2a-000000000003,2026-05-25T11:49:49,1.704,1.629,1.683,1,1,1
51d4b6c8-a1e1-4c9b-8f2a-000000000003,2026-05-25T15:37:52,1.668,1.593,1.646,1,1,1
51d4b6c8-a1e1-4c9b-8f2a-000000000003,2026-05-25T18:02:18,1.662,1.587,1.642,1,1,1
51d4b6c8-a1e1-4c9b-8f2a-000000000003,2026-05-25T20:46:59,1.654,1.579,1.64,1,1,1
51d4b6c8-a1e1-4c9b-8f2a-000000000003,2026-05-26T00:10:47,1.644,1.569,1.623,1,1,1
51d4b6c8-a1e1-4c9b-8f2a-000000000003,2026-05-26T02:44:09,1.666,1.591,1.645,1,1,1
51d4b6c8-a1e1-4c9b-8f2a-000000000003,2026-05-26T05:17:38,1.685,1.61,1.664,1,1,1
51d4b6c8-a1e1-4c9b-8f2a-000000000003,2026-05-26T07:42:19,1.696,1.621,1.677,1,1,1
51d4b6c8-a1e1-4c9b-8f2a-000000000003,2026-05-26T10:18:56,1.691,1.616,1.666,1,1,1
51d4b6c8-a1e1-4c9b-8f2a-000000000003,2026-05-26T14:09:40,1.66,1.585,1.636,1,1,1
51d4b6c8-a1e1-4c9b-8f2a-000000000003,2026-05-26T17:40:32,1.637,1.562,1.613,1,1,1
51d4b6c8-a1e1-4c9b-8f2a-000000000003,2026-05-26T21:08:47,1.626,1.551,1.608,1,1,1
51d4b6c8-a1e1-4c9b-8f2a-000000000003,2026-05-27T00:35:20,1.628,1.553,1.604,1,1,1
51d4b6c8-a1e1-4c9b-8f2a-000000000003,2026-05-27T03:43:32,1.665,1.59,1.647,1,1,1
51d4b6c8-a1e1-4c9b-8f2a-000000000003,2026-05-27T07:13:01,1.688,1.613,1.67,1,1,1
51d4b6c8-a1e1-4c9b-8f2a-000000000003,2026-05-27T09:23:17,1.679,1.604,1.659,1,1,1
51d4b6c8-a1e1-4c9b-8f2a-000000000003,2026-05-27T12:10:38,1.662,1.587,1.643,1,1,1
51d4b6c8-a1e1-4c9b-8f2a-000000000003,2026-05-27T15:23:35,1.63,1.555,1.609,1,1,1
51d4b6c8-a1e1-4c9b-8f2a-000000000003,2026-05-27T17:55:20,1.623,1.548,1.596,1,1,1
51d4b6c8-a1e1-4c9b-8f2a-000000000003,2026-05-27T20:52:57,1.611,1.536,1.592,1,1,1
51d4b6c8-a1e1-4c9b-8f2a-000000000003,2026-05-28T00:45:37,1.64,1.565,1.622,1,1,1
51d4b6c8-a1e1-4c9b-8f2a-000000000003,2026-05-28T04:17:32,1.672,1.597,1.651,1,1,1
51d4b6c8-a1e1-4c9b-8f2a-000000000003,2026-05-28T07:33:10,1.693,1.618,1.674,1,1,1
51d4b6c8-a1e1-4c9b-8f2a-000000000003,2026-05-28T10:55:18,1.685,1.61,1.665,1,1,1
51d4b6c8-a1e1-4c9b-8f2a-000000000003,2026-05-28T14:21:23,1.662,1.587,1.641,1,1,1
51d4b6c8-a1e1-4c9b-8f2a-000000000003,2026-05-28T18:04:17,1.632,1.557,1.608,1,1,1
51d4b6c8-a1e1-4c9b-8f2a-000000000003,2026-05-28T20:46:15,1.633,1.558,1.613,1,1,1
51d4b6c8-a1e1-4c9b-8f2a-000000000003,2026-05-28T23:30:49,1.638,1.563,1.62,1,1,1
51d4b6c8-a1e1-4c9b-8f2a-000000000003,2026-05-29T03:15:55,1.693,1.618,1.671,1,1,1
51d4b6c8-a1e1-4c9b-8f2a-000000000003,2026-05-29T06:34:09,1.719,1.644,1.698,1,1,1
51d4b6c8-a1e1-4c9b-8f2a-000000000003,2026-05-29T08:53:24,1.726,1.651,1.71,1,1,1
51d4b6c8-a1e1-4c9b-8f2a-000000000003,2026-05-29T12:30:22,1.708,1.633,1.684,1,1,1
51d4b6c8-a1e1-4c9b-8f2a-000000000003,2026-05-29T15:40:08,1.681,1.606,1.666,1,1,1
51d4b6c8-a1e1-4c9b-8f2a-000000000003,2026-05-29T18:25:52,1.66,1.585,1.641,1,1,1
51d4b6c8-a1e1-4c9b-8f2a-000000000003,2026-05-29T22:18:08,1.664,1.589,1.641,1,1,0
51d4b6c8-a1e1-4c9b-8f2a-000000000003,2026-05-30T01:46:06,1.685,1.61,1.665,1,1,1
51d4b6c8-a1e1-4c9b-8f2a-000000000003,2026-05-30T04:42:47,1.71,1.635,1.691,1,1,1
51d4b6c8-a1e1-4c9b-8f2a-000000000003,2026-05-30T07:12:04,1.725,1.65,1.702,1,1,1
51d4b6c8-a1e1-4c9b-8f2a-000000000003,2026-05-30T10:06:45,1.719,1.644,1.699,1,1,1
51d4b6c8-a1e1-4c9b-8f2a-000000000003,2026-05-30T12:50:11,1.695,1.62,1.674,1,1,1
51d4b6c8-a1e1-4c9b-8f2a-000000000003,2026-05-30T16:08:35,1.664,1.589,1.639,1,1,1
51d4b6c8-a1e1-4c9b-8f2a-000000000003,2026-05-30T18:23:37,1.652,1.577,1.629,1,1,1
51d4b6c8-a1e1-4c9b-8f2a-000000000003,2026-05-30T21:33:47,1.652,1.577,1.631,0,0,1
51d4b6c8-a1e1-4c9b-8f2a-000000000003,2026-05-31T00:24:19,1.664,1.589,1.642,1,1,1
51d4b6c8-a1e1-4c9b-8f2a-000000000003,2026-05-31T03:57:02,1.695,1.62,1.677,1,1,1
51d4b6c8-a1e1-4c9b-8f2a-000000000003,2026-05-31T07:03:35,1.726,1.651,1.704,1,1,1
51d4b6c8-a1e1-4c9b-8f2a-000000000003,2026-05-31T09:07:40,1.725,1.65,1.709,0,1,1
51d4b6c8-a1e1-4c9b-8f2a-000000000003,2026-05-31T12:57:54,1.708,1.633,1.69,1,1,1
51d4b6c8-a1e1-4c9b-8f2a-000000000003,2026-05-31T16:04:44,1.673,1.598,1.656,1,1,1
51d4b6c8-a1e1-4c9b-8f2a-000000000003,2026-05-31T19:18:44,1.663,1.588,1.644,1,1,1
51d4b6c8-a1e1-4c9b-8f2a-000000000003,2026-05-31T22:01:19,1.659,1.584,1.64,1,1,1
51d4b6c8-a1e1-4c9b-8f2a-000000000003,2026-06-01T00:58:35,1.658,1.583,1.643,1,1,1
51d4b6c8-a1e1-4c9b-8f2a-000000000003,2026-06-01T04:48:32,1.691,1.616,1.668,1,1,1
51d4b6c8-a1e1-4c9b-8f2a-000000000003,2026-06-01T08:06:28,1.703,1.628,1.684,1,1,1
51d4b6c8-a1e1-4c9b-8f2a-000000000003,2026-06-01T11:17:02,1.698,1.623,1.676,1,1,1
51d4b6c8-a1e1-4c9b-8f2a-000000000003,2026-06-01T15:04:43,1.67,1.595,1.647,1,1,1
51d4b6c8-a1e1-4c9b-8f2a-000000000003,2026-06-01T17:43:27,1.653,1.578,1.635,1,1,1
51d4b6c8-a1e1-4c9b-8f2a-000000000003,2026-06-01T21:42:09,1.633,1.558,1.612,1,1,1
51d4b6c8-a1e1-4c9b-8f2a-000000000003,2026-06-02T00:56:01,1.643,1.568,1.622,1,1,1
51d4b6c8-a1e1-4c9b-8f2a-000000000003,2026-06-02T04:42:15,1.689,1.614,1.664,1,1,1
51d4b6c8-a1e1-4c9b-8f2a-000000000003,2026-06-02T08:12:40,1.697,1.622,1.678,1,1,1
51d4b6c8-a1e1-4c9b-8f2a-000000000003,2026-06-02T11:43:15,1.702,1.627,1.678,1,1,0
51d4b6c8-a1e1-4c9b-8f2a-000000000003,2026-06-02T14:48:02,1.668,1.593,1.65,1,1,1
51d4b6c8-a1e1-4c9b-8f2a-000000000003,2026-06-02T18:41:03,1.638,1.563,1.615,1,1,1
51d4b6c8-a1e1-4c9b-8f2a-000000000003,2026-06-02T22:20:46,1.64,1.565,1.622,1,1,1
51d4b6c8-a1e1-4c9b-8f2a-000000000003,2026-06-03T01:12:39,1.664,1.589,1.637,1,1,1
51d4b6c8-a1e1-4c9b-8f2a-000000000003,2026-06-03T04:40:26,1.686,1.611,1.667,1,1,1
51d4b6c8-a1e1-4c9b-8f2a-000000000003,2026-06-03T07:19:42,1.695,1.62,1.679,1,1,1
51d4b6c8-a1e1-4c9b-8f2a-000000000003,2026-06-03T10:21:14,1.687,1.612,1.67,1,1,1
51d4b6c8-a1e1-4c9b-8f2a-000000000003,2026-06-03T14:13:07,1.659,1.584,1.644,1,1,1
51d4b6c8-a1e1-4c9b-8f2a-000000000003,2026-06-03T17:32:27,1.637,1.562,1.618,1,1,1
51d4b6c8-a1e1-4c9b-8f2a-000000000003,2026-06-03T20:17:36,1.626,1.551,1.604,1,1,1
51d4b6c8-a1e1-4c9b-8f2a-000000000003,2026-06-03T22:35:46,1.628,1.553,1.609,1,1,1
51d4b6c8-a1e1-4c9b-8f2a-000000000003,2026-06-04T02:29:52,1.676,1.601,1.656,1,1,1
51d4b6c8-a1e1-4c9b-8f2a-000000000003,2026-06-04T04:37:57,1.691,1.616,1.669,1,1,1
51d4b6c8-a1e1-4c9b-8f2a-000000000003,2026-06-04T07:23:35,1.707,1.632,1.684,1,1,1
51d4b6c8-a1e1-4c9b-8f2a-000000000003,2026-06-04T10:42:25,1.71,1.635,1.689,1,1,1
51d4b6c8-a1e1-4c9b-8f2a-000000000003,2026-06-04T14:18:01,1.677,1.602,1.659,1,1,1
51d4b6c8-a1e1-4c9b-8f2a-000000000003,2026-06-04T16:29:36,1.671,1.596,1.649,1,1,1
51d4b6c8-a1e1-4c9b-8f2a-000000000003,2026-06-04T19:08:39,1.659,1.584,1.642,1,1,1
51d4b6c8-a1e1-4c9b-8f2a-000000000003,2026-06-04T21:46:55,1.663,1.588,1.644,1,1,1
51d4b6c8-a1e1-4c9b-8f2a-000000000003,2026-06-05T01:23:29,1.69,1.615,1.671,1,1,1
51d4b6c8-a1e1-4c9b-8f2a-000000000003,2026-06-05T03:58:24,1.705,1.63,1.69,1,1,1
51d4b6c8-a1e1-4c9b-8f2a-000000000003,2026-06-05T06:29:48,1.725,1.65,1.707,1,1,1
51d4b6c8-a1e1-4c9b-8f2a-000000000003,2026-06-05T09:17:38,1.732,1.657,1.709,1,1,1
51d4b6c8-a1e1-4c9b-8f2a-000000000003,2026-06-05T11:54:39,1.726,1.651,1.705,1,1,1
51d4b6c8-a1e1-4c9b-8f2a-000000000003,2026-06-05T14:19:24,1.693,1.618,1.671,1,1,1
51d4b6c8-a1e1-4c9b-8f2a-000000000003,2026-06-05T16:21:47,1.685,1.61,1.664,1,1,1
51d4b6c8-a1e1-4c9b-8f2a-000000000003,2026-06-05T19:46:21,1.669,1.594,1.647,1,1,1
51d4b6c8-a1e1-4c9b-8f2a-000000000003,2026-06-05T22:29:49,1.676,1.601,1.659,1,1,1
51d4b6c8-a1e1-4c9b-8f2a-000000000003,2026-06-06T02:12:59,1.718,1.643,1.697,1,1,1
51d4b6c8-a1e1-4c9b-8f2a-000000000003,2026-06-06T05:40:59,1.738,1.663,1.718,1,1,1
51d4b6c8-a1e1-4c9b-8f2a-000000000003,2026-06-06T09:33:49,1.751,1.676,1.732,1,1,1
51d4b6c8-a1e1-4c9b-8f2a-000000000003,2026-06-06T12:01:25,1.734,1.659,1.716,1,1,1
51d4b6c8-a1e1-4c9b-8f2a-000000000003,2026-06-06T14:16:15,1.711,1.636,1.691,1,1,1
51d4b6c8-a1e1-4c9b-8f2a-000000000003,2026-06-06T16:26:27,1.696,1.621,1.671,1,1,1
51d4b6c8-a1e1-4c9b-8f2a-000000000003,2026-06-06T19:16:18,1.687,1.612,1.669,1,1,1
51d4b6c8-a1e1-4c9b-8f2a-000000000003,2026-06-06T22:51:24,1.69,1.615,1.668,1,1,1
51d4b6c8-a1e1-4c9b-8f2a-000000000003,2026-06-07T01:30:15,1.716,1.641,1.697,1,1,1
51d4b6c8-a1e1-4c9b-8f2a-000000000003,2026-06-07T04:48:59,1.744,1.669,1.725,1,1,1
51d4b6c8-a1e1-4c9b-8f2a-000000000003,2026-06-07T08:45:00,1.758,1.683,1.736,1,1,1
51d4b6c8-a1e1-4c9b-8f2a-000000000003,2026-06-07T10:47:04,1.751,1.676,1.733,1,1,1
51d4b6c8-a1e1-4c9b-8f2a-000000000003,2026-06-07T13:52:40,1.736,1.661,1.715,1,1,1
51d4b6c8-a1e1-4c9b-8f2a-000000000003,2026-06-07T16:37:02,1.707,1.632,1.685,1,1,1
51d4b6c8-a1e1-4c9b-8f2a-000000000003,2026-06-07T20:14:12,1.692,1.617,1.675,1,1,1
51d4b6c8-a1e1-4c9b-8f2a-000000000003,2026-06-07T22:44:12,1.692,1.617,1.67,0,0,1
51d4b6c8-a1e1-4c9b-8f2a-000000000003,2026-06-08T02:10:58,1.709,1.634,1.689,1,1,1
51d4b6c8-a1e1-4c9b-8f2a-000000000003,2026-06-08T04:51:30,1.728,1.653,1.712,1,1,1
51d4b6c8-a1e1-4c9b-8f2a-000000000003,2026-06-08T07:40:17,1.751,1.676,1.732,1,1,1
51d4b6c8-a1e1-4c9b-8f2a-000000000003,2026-06-08T10:17:51,1.741,1.666,1.725,1,1,1
51d4b6c8-a1e1-4c9b-8f2a-000000000003,2026-06-08T13:19:35,1.718,1.643,1.702,1,1,1
51d4b6c8-a1e1-4c9b-8f2a-000000000003,2026-06-08T16:04:40,1.707,1.632,1.691,1,1,1
51d4b6c8-a1e1-4c9b-8f2a-000000000003,2026-06-08T18:24:37,1.689,1.614,1.667,1,1,1
51d4b6c8-a1e1-4c9b-8f2a-000000000003,2026-06-08T22:00:59,1.685,1.61,1.661,1,1,1
51d4b6c8-a1e1-4c9b-8f2a-000000000003,2026-06-09T00:48:55,1.686,1.611,1.67,0,0,1
51d4b6c8-a1e1-4c9b-8f2a-000000000003,2026-06-09T03:51:37,1.703,1.628,1.686,1,1,1
51d4b6c8-a1e1-4c9b-8f2a-000000000003,2026-06-09T06:08:36,1.726,1.651,1.705,1,1,1
51d4b6c8-a1e1-4c9b-8f2a-000000000003,2026-06-09T08:38:45,1.737,1.662,1.714,1,1,1
51d4b6c8-a1e1-4c9b-8f2a-000000000003,2026-06-09T12:05:10,1.71,1.635,1.69,1,1,1
51d4b6c8-a1e1-4c9b-8f2a-000000000003,2026-06-09T14:55:07,1.704,1.629,1.687,1,1,1
51d4b6c8-a1e1-4c9b-8f2a-000000000003,2026-06-09T17:32:32,1.676,1.601,1.655,1,1,1
51d4b6c8-a1e1-4c9b-8f2a-000000000003,2026-06-09T20:28:47,1.658,1.583,1.641,1,1,1
51d4b6c8-a1e1-4c9b-8f2a-000000000003,2026-06-09T22:55:54,1.655,1.58,1.638,1,1,1
51d4b6c8-a1e1-4c9b-8f2a-000000000003,2026-06-10T02:06:03,1.682,1.607,1.66,1,1,1
51d4b6c8-a1e1-4c9b-8f2a-000000000003,2026-06-10T04:36:37,1.698,1.623,1.68,1,1,1
51d4b6c8-a1e1-4c9b-8f2a-000000000003,2026-06-10T07:10:13,1.724,1.649,1.708,1,1,1
51d4b6c8-a1e1-4c9b-8f2a-000000000003,2026-06-10T10:20:41,1.712,1.637,1.69,1,1,1
51d4b6c8-a1e1-4c9b-8f2a-000000000003,2026-06-10T13:57:34,1.691,1.616,1.668,1,1,1
51d4b6c8-a1e1-4c9b-8f2a-000000000003,2026-06-10T16:17:44,1.656,1.581,1.637,1,1,1
51d4b6c8-a1e1-4c9b-8f2a-000000000003,2026-06-10T18:37:31,1.65,1.575,1.636,1,1,1
51d4b6c8-a1e1-4c9b-8f2a-000000000003,2026-06-10T20:43:47,1.646,1.571,1.625,1,1,1
51d4b6c8-a1e1-4c9b-8f2a-000000000003,2026-06-10T22:57:51,1.651,1.576,1.633,1,1,1
51d4b6c8-a1e1-4c9b-8f2a-000000000003,2026-06-11T01:54:47,1.686,1.611,1.671,1,1,1
51d4b6c8-a1e1-4c9b-8f2a-000000000003,2026-06-11T05:49:26,1.716,1.641,1.691,1,1,1
51d4b6c8-a1e1-4c9b-8f2a-000000000003,2026-06-11T09:30:13,1.717,1.642,1.696,1,0,1
51d4b6c8-a1e1-4c9b-8f2a-000000000003,2026-06-11T12:22:28,1.703,1.628,1.684,1,1,1
51d4b6c8-a1e1-4c9b-8f2a-000000000003,2026-06-11T15:18:24,1.665,1.59,1.636,1,1,1
51d4b6c8-a1e1-4c9b-8f2a-000000000003,2026-06-11T19:11:08,1.646,1.571,1.63,1,1,1
51d4b6c8-a1e1-4c9b-8f2a-000000000003,2026-06-11T21:12:24,1.642,1.567,1.621,1,1,1
51d4b6c8-a1e1-4c9b-8f2a-000000000003,2026-06-11T23:56:40,1.655,1.58,1.633,1,1,1
51d4b6c8-a1e1-4c9b-8f2a-000000000003,2026-06-12T02:00:42,1.691,1.616,1.67,1,1,1
51d4b6c8-a1e1-4c9b-8f2a-000000000003,2026-06-12T05:15:44,1.713,1.638,1.688,1,1,1
51d4b6c8-a1e1-4c9b-8f2a-000000000003,2026-06-12T09:07:02,1.722,1.647,1.696,1,1,1
51d4b6c8-a1e1-4c9b-8f2a-000000000003,2026-06-12T12:37:06,1.707,1.632,1.688,1,1,1
51d4b6c8-a1e1-4c9b-8f2a-000000000003,2026-06-12T16:24:25,1.679,1.604,1.661,1,1,1
51d4b6c8-a1e1-4c9b-8f2a-000000000003,2026-06-12T20:05:55,1.657,1.582,1.636,1,1,1
51d4b6c8-a1e1-4c9b-8f2a-000000000003,2026-06-12T22:17:37,1.653,1.578,1.632,1,1,1
51d4b6c8-a1e1-4c9b-8f2a-000000000003,2026-06-13T01:58:05,1.681,1.606,1.666,1,1,1
51d4b6c8-a1e1-4c9b-8f2a-000000000003,2026-06-13T05:46:46,1.707,1.632,1.69,1,1,1
51d4b6c8-a1e1-4c9b-8f2a-000000000003,2026-06-13T09:27:18,1.727,1.652,1.71,1,1,1
51d4b6c8-a1e1-4c9b-8f2a-000000000003,2026-06-13T12:27:29,1.702,1.627,1.682,1,1,1
51d4b6c8-a1e1-4c9b-8f2a-000000000003,2026-06-13T15:28:08,1.679,1.604,1.653,1,1,1
51d4b6c8-a1e1-4c9b-8f2a-000000000003,2026-06-13T17:28:31,1.667,1.592,1.643,1,1,1
51d4b6c8-a1e1-4c9b-8f2a-000000000003,2026-06-13T20:36:28,1.653,1.578,1.633,1,1,1
51d4b6c8-a1e1-4c9b-8f2a-000000000003,2026-06-14T00:04:01,1.678,1.603,1.658,1,1,1
51d4b6c8-a1e1-4c9b-8f2a-000000000003,2026-06-14T02:30:07,1.692,1.617,1.674,1,1,1
51d4b6c8-a1e1-4c9b-8f2a-000000000003,2026-06-14T04:59:43,1.701,1.626,1.682,1,1,1
51d4b6c8-a1e1-4c9b-8f2a-000000000003,2026-06-14T07:15:39,1.725,1.65,1.703,1,1,1
51d4b6c8-a1e1-4c9b-8f2a-000000000003,2026-06-14T09:32:30,1.728,1.653,1.709,1,1,1
51d4b6c8-a1e1-4c9b-8f2a-000000000003,2026-06-14T12:07:54,1.707,1.632,1.691,1,1,1
51d4b6c8-a1e1-4c9b-8f2a-000000000003,2026-06-14T15:17:20,1.684,1.609,1.66,1,1,1
51d4b6c8-a1e1-4c9b-8f2a-000000000003,2026-06-14T17:21:45,1.656,1.581,1.638,1,1,1
51d4b6c8-a1e1-4c9b-8f2a-000000000003,2026-06-14T19:47:01,1.647,1.572,1.627,1,1,1
51d4b6c8-a1e1-4c9b-8f2a-000000000003,2026-06-14T23:10:59,1.661,1.586,1.636,1,1,1
51d4b6c8-a1e1-4c9b-8f2a-000000000003,2026-06-15T01:21:52,1.657,1.582,1.639,1,1,1
51d4b6c8-a1e1-4c9b-8f2a-000000000003,2026-06-15T04:40:52,1.69,1.615,1.673,1,1,1
51d4b6c8-a1e1-4c9b-8f2a-000000000003,2026-06-15T07:25:33,1.705,1.63,1.683,1,1,1
51d4b6c8-a1e1-4c9b-8f2a-000000000003,2026-06-15T11:09:52,1.685,1.61,1.667,1,1,1
51d4b6c8-a1e1-4c9b-8f2a-000000000003,2026-06-15T14:27:37,1.673,1.598,1.652,1,1,1
51d4b6c8-a1e1-4c9b-8f2a-000000000003,2026-06-15T16:30:13,1.646,1.571,1.627,1,1,1
51d4b6c8-a1e1-4c9b-8f2a-000000000003,2026-06-15T19:22:25,1.635,1.56,1.614,1,1,1
51d4b6c8-a1e1-4c9b-8f2a-000000000003,2026-06-15T22:43:51,1.644,1.569,1.623,1,1,1
51d4b6c8-a1e1-4c9b-8f2a-000000000003,2026-06-16T02:15:26,1.651,1.576,1.632,1,1,1
51d4b6c8-a1e1-4c9b-8f2a-000000000003,2026-06-16T05:03:31,1.663,1.588,1.643,1,1,1
51d4b6c8-a1e1-4c9b-8f2a-000000000003,2026-06-16T08:49:54,1.686,1.611,1.671,1,1,1
51d4b6c8-a1e1-4c9b-8f2a-000000000003,2026-06-16T11:05:30,1.688,1.613,1.666,1,1,1
51d4b6c8-a1e1-4c9b-8f2a-000000000003,2026-06-16T13:42:36,1.655,1.58,1.635,1,1,1
51d4b6c8-a1e1-4c9b-8f2a-000000000003,2026-06-16T16:00:18,1.635,1.56,1.616,1,1,1
51d4b6c8-a1e1-4c9b-8f2a-000000000003,2026-06-16T18:28:39,1.625,1.55,1.602,1,1,1
51d4b6c8-a1e1-4c9b-8f2a-000000000003,2026-06-16T21:13:34,1.613,1.538,1.595,1,1,1
51d4b6c8-a1e1-4c9b-8f2a-000000000003,2026-06-17T00:35:58,1.619,1.544,1.601,1,1,1
51d4b6c8-a1e1-4c9b-8f2a-000000000003,2026-06-17T04:07:32,1.664,1.589,1.648,1,1,1
51d4b6c8-a1e1-4c9b-8f2a-000000000003,2026-06-17T06:23:34,1.664,1.589,1.644,0,0,1
51d4b6c8-a1e1-4c9b-8f2a-000000000003,2026-06-17T09:10:50,1.667,1.592,1.647,1,1,1
51d4b6c8-a1e1-4c9b-8f2a-000000000003,2026-06-17T12:21:12,1.663,1.588,1.641,1,1,1
51d4b6c8-a1e1-4c9b-8f2a-000000000003,2026-06-17T15:59:59,1.633,1.558,1.606,1,1,1
51d4b6c8-a1e1-4c9b-8f2a-000000000003,2026-06-17T19:17:27,1.611,1.536,1.589,1,1,1
51d4b6c8-a1e1-4c9b-8f2a-000000000003,2026-06-17T22:35:56,1.613,1.538,1.596,1,1,1
51d4b6c8-a1e1-4c9b-8f2a-000000000003,2026-06-18T02:14:30,1.66,1.585,1.643,1,1,1
51d4b6c8-a1e1-4c9b-8f2a-000000000003,2026-06-18T05:54:36,1.691,1.616,1.674,1,1,1
51d4b6c8-a1e1-4c9b-8f2a-000000000003,2026-06-18T08:06:46,1.694,1.619,1.672,1,1,1
51d4b6c8-a1e1-4c9b-8f2a-000000000003,2026-06-18T10:52:51,1.687,1.612,1.668,1,1,1
51d4b6c8-a1e1-4c9b-8f2a-000000000003,2026-06-18T13:41:03,1.673,1.598,1.65,1,1,1
51d4b6c8-a1e1-4c9b-8f2a-000000000003,2026-06-18T17:17:21,1.637,1.562,1.619,1,1,1
51d4b6c8-a1e1-4c9b-8f2a-000000000003,2026-06-18T19:57:33,1.628,1.553,1.612,1,1,1
51d4b6c8-a1e1-4c9b-8f2a-000000000003,2026-06-18T22:43:34,1.634,1.559,1.616,1,1,1
51d4b6c8-a1e1-4c9b-8f2a-000000000003,2026-06-19T02:35:40,1.671,1.596,1.651,1,1,1
51d4b6c8-a1e1-4c9b-8f2a-000000000003,2026-06-19T04:41:30,1.691,1.616,1.673,1,1,1
51d4b6c8-a1e1-4c9b-8f2a-000000000003,2026-06-19T07:25:33,1.703,1.628,1.681,1,1,1
51d4b6c8-a1e1-4c9b-8f2a-000000000003,2026-06-19T11:03:51,1.701,1.626,1.683,1,1,1
51d4b6c8-a1e1-4c9b-8f2a-000000000003,2026-06-19T13:05:57,1.687,1.612,1.667,1,1,1
51d4b6c8-a1e1-4c9b-8f2a-000000000003,2026-06-19T16:34:35,1.658,1.583,1.638,1,1,1
51d4b6c8-a1e1-4c9b-8f2a-000000000003,2026-06-19T20:01:48,1.634,1.559,1.618,1,1,1
51d4b6c8-a1e1-4c9b-8f2a-000000000003,2026-06-19T22:31:06,1.644,1.569,1.62,1,1,1
51d4b6c8-a1e1-4c9b-8f2a-000000000003,2026-06-20T01:33:55,1.668,1.593,1.653,1,1,1
51d4b6c8-a1e1-4c9b-8f2a-000000000003,2026-06-20T04:50:28,1.692,1.617,1.677,1,1,1
51d4b6c8-a1e1-4c9b-8f2a-000000000003,2026-06-20T06:59:55,1.713,1.638,1.701,1,1,1
51d4b6c8-a1e1-4c9b-8f2a-000000000003,2026-06-20T09:30:44,1.726,1.651,1.703,1,1,1
51d4b6c8-a1e1-4c9b-8f2a-000000000003,2026-06-20T12:22:45,1.707,1.632,1.686,1,1,1
51d4b6c8-a1e1-4c9b-8f2a-000000000003,2026-06-20T16:05:16,1.675,1.6,1.652,1,1,1
51d4b6c8-a1e1-4c9b-8f2a-000000000003,2026-06-20T19:02:01,1.653,1.578,1.633,1,1,1
51d4b6c8-a1e1-4c9b-8f2a-000000000003,2026-06-20T22:22:35,1.664,1.589,1.642,1,1,1
51d4b6c8-a1e1-4c9b-8f2a-000000000003,2026-06-21T00:55:18,1.674,1.599,1.656,1,1,1
51d4b6c8-a1e1-4c9b-8f2a-000000000003,2026-06-21T04:07:12,1.709,1.634,1.691,1,1,1
51d4b6c8-a1e1-4c9b-8f2a-000000000003,2026-06-21T06:09:22,1.724,1.649,1.703,1,1,1
51d4b6c8-a1e1-4c9b-8f2a-000000000003,2026-06-21T09:19:55,1.72,1.645,1.703,1,1,0
51d4b6c8-a1e1-4c9b-8f2a-000000000003,2026-06-21T13:11:30,1.7,1.625,1.677,1,1,1
51d4b6c8-a1e1-4c9b-8f2a-000000000003,2026-06-21T16:40:36,1.672,1.597,1.648,1,1,1
51d4b6c8-a1e1-4c9b-8f2a-000000000003,2026-06-21T19:11:17,1.664,1.589,1.641,1,1,1
51d4b6c8-a1e1-4c9b-8f2a-000000000003,2026-06-21T21:52:43,1.664,1.589,1.643,0,0,1
51d4b6c8-a1e1-4c9b-8f2a-000000000003,2026-06-22T00:27:45,1.667,1.592,1.646,1,1,1
51d4b6c8-a1e1-4c9b-8f2a-000000000003,2026-06-22T03:09:56,1.688,1.613,1.668,1,1,1
51d4b6c8-a1e1-4c9b-8f2a-000000000003,2026-06-22T07:06:44,1.707,1.632,1.689,1,1,1
51d4b6c8-a1e1-4c9b-8f2a-000000000003,2026-06-22T10:19:36,1.707,1.632,1.688,0,0,1
51d4b6c8-a1e1-4c9b-8f2a-000000000003,2026-06-22T14:18:39,1.672,1.597,1.653,1,1,1
51d4b6c8-a1e1-4c9b-8f2a-000000000003,2026-06-22T17:06:47,1.644,1.569,1.621,1,1,1
51d4b6c8-a1e1-4c9b-8f2a-000000000003,2026-06-22T20:18:42,1.637,1.562,1.622,1,1,1
51d4b6c8-a1e1-4c9b-8f2a-000000000003,2026-06-22T23:50:06,1.635,1.56,1.614,1,1,1
51d4b6c8-a1e1-4c9b-8f2a-000000000003,2026-06-23T03:33:11,1.655,1.58,1.629,1,1,1
51d4b6c8-a1e1-4c9b-8f2a-000000000003,2026-06-23T05:54:30,1.669,1.594,1.648,1,1,1
51d4b6c8-a1e1-4c9b-8f2a-000000000003,2026-06-23T08:50:11,1.693,1.618,1.668,1,1,1
51d4b6c8-a1e1-4c9b-8f2a-000000000003,2026-06-23T11:39:25,1.668,1.593,1.647,1,1,1
51d4b6c8-a1e1-4c9b-8f2a-000000000003,2026-06-23T14:53:49,1.648,1.573,1.631,1,1,1
51d4b6c8-a1e1-4c9b-8f2a-000000000003,2026-06-23T17:23:48,1.621,1.546,1.601,1,1,1
51d4b6c8-a1e1-4c9b-8f2a-000000000003,2026-06-23T20:08:15,1.604,1.529,1.578,1,1,1
51d4b6c8-a1e1-4c9b-8f2a-000000000003,2026-06-23T23:50:17,1.615,1.54,1.6,1,1,1
51d4b6c8-a1e1-4c9b-8f2a-000000000003,2026-06-24T02:11:18,1.645,1.57,1.623,1,1,1
51d4b6c8-a1e1-4c9b-8f2a-000000000003,2026-06-24T04:36:09,1.671,1.596,1.655,1,1,1
51d4b6c8-a1e1-4c9b-8f2a-000000000003,2026-06-24T08:34:55,1.68,1.605,1.663,1,1,1
51d4b6c8-a1e1-4c9b-8f2a-000000000003,2026-06-24T11:14:40,1.685,1.61,1.668,1,1,1
51d4b6c8-a1e1-4c9b-8f2a-000000000003,2026-06-24T15:10:10,1.649,1.574,1.636,1,1,1
51d4b6c8-a1e1-4c9b-8f2a-000000000003,2026-06-24T18:53:37,1.619,1.544,1.6,1,1,1
51d4b6c8-a1e1-4c9b-8f2a-000000000003,2026-06-24T22:19:32,1.63,1.555,1.609,1,1,1
51d4b6c8-a1e1-4c9b-8f2a-000000000003,2026-06-25T01:17:14,1.653,1.578,1.636,1,1,1
51d4b6c8-a1e1-4c9b-8f2a-000000000003,2026-06-25T04:55:55,1.677,1.602,1.653,1,1,1
51d4b6c8-a1e1-4c9b-8f2a-000000000003,2026-06-25T07:47:21,1.699,1.624,1.681,1,1,1
51d4b6c8-a1e1-4c9b-8f2a-000000000003,2026-06-25T11:26:22,1.686,1.611,1.664,1,1,1
51d4b6c8-a1e1-4c9b-8f2a-000000000003,2026-06-25T15:15:56,1.656,1.581,1.637,1,1,1
51d4b6c8-a1e1-4c9b-8f2a-000000000003,2026-06-25T18:32:58,1.643,1.568,1.623,1,1,1
51d4b6c8-a1e1-4c9b-8f2a-000000000003,2026-06-25T21:08:24,1.639,1.564,1.614,1,1,1
51d4b6c8-a1e1-4c9b-8f2a-000000000003,2026-06-26T00:16:36,1.658,1.583,1.638,1,1,1
51d4b6c8-a1e1-4c9b-8f2a-000000000003,2026-06-26T03:01:06,1.688,1.613,1.675,1,1,1
51d4b6c8-a1e1-4c9b-8f2a-000000000003,2026-06-26T05:20:06,1.701,1.626,1.679,1,1,1
51d4b6c8-a1e1-4c9b-8f2a-000000000003,2026-06-26T08:43:30,1.717,1.642,1.7,1,1,1
51d4b6c8-a1e1-4c9b-8f2a-000000000003,2026-06-26T11:59:55,1.71,1.635,1.688,1,1,1
51d4b6c8-a1e1-4c9b-8f2a-000000000003,2026-06-26T15:26:27,1.679,1.604,1.659,1,1,1
51d4b6c8-a1e1-4c9b-8f2a-000000000003,2026-06-26T18:40:40,1.658,1.583,1.639,1,1,1
51d4b6c8-a1e1-4c9b-8f2a-000000000003,2026-06-26T21:25:35,1.647,1.572,1.627,1,1,1
51d4b6c8-a1e1-4c9b-8f2a-000000000003,2026-06-27T00:28:37,1.683,1.608,1.665,1,1,1
51d4b6c8-a1e1-4c9b-8f2a-000000000003,2026-06-27T03:05:44,1.7,1.625,1.685,1,1,1
51d4b6c8-a1e1-4c9b-8f2a-000000000003,2026-06-27T06:40:27,1.718,1.643,1.703,1,1,1
51d4b6c8-a1e1-4c9b-8f2a-000000000003,2026-06-27T10:21:15,1.719,1.644,1.695,1,0,1
51d4b6c8-a1e1-4c9b-8f2a-000000000003,2026-06-27T12:48:39,1.712,1.637,1.694,1,1,1
51d4b6c8-a1e1-4c9b-8f2a-000000000003,2026-06-27T14:56:43,1.683,1.608,1.662,1,1,1
51d4b6c8-a1e1-4c9b-8f2a-000000000003,2026-06-27T18:41:26,1.66,1.585,1.64,1,1,1
51d4b6c8-a1e1-4c9b-8f2a-000000000003,2026-06-27T22:10:10,1.661,1.586,1.639,1,1,0
51d4b6c8-a1e1-4c9b-8f2a-000000000003,2026-06-28T01:32:55,1.686,1.611,1.665,1,1,1
51d4b6c8-a1e1-4c9b-8f2a-000000000003,2026-06-28T03:55:43,1.711,1.636,1.694,1,1,1
51d4b6c8-a1e1-4c9b-8f2a-000000000003,2026-06-28T06:58:25,1.727,1.652,1.705,1,1,1
51d4b6c8-a1e1-4c9b-8f2a-000000000003,2026-06-28T10:02:51,1.723,1.648,1.706,1,1,0
51d4b6c8-a1e1-4c9b-8f2a-000000000003,2026-06-28T12:26:26,1.714,1.639,1.692,1,1,1
51d4b6c8-a1e1-4c9b-8f2a-000000000003,2026-06-28T15:24:54,1.679,1.604,1.656,1,1,1
51d4b6c8-a1e1-4c9b-8f2a-000000000003,2026-06-28T17:38:17,1.669,1.594,1.65,1,1,1
51d4b6c8-a1e1-4c9b-8f2a-000000000003,2026-06-28T20:33:02,1.712,1.637,1.692,1,1,1
51d4b6c8-a1e1-4c9b-8f2a-000000000003,2026-06-28T23:33:54,1.717,1.642,1.699,1,1,1
51d4b6c8-a1e1-4c9b-8f2a-000000000003,2026-06-29T02:06:56,1.727,1.652,1.71,1,1,1
51d4b6c8-a1e1-4c9b-8f2a-000000000003,2026-06-29T06:04:12,1.76,1.685,1.743,1,1,1
51d4b6c8-a1e1-4c9b-8f2a-000000000003,2026-06-29T08:23:47,1.763,1.688,1.744,1,1,0
51d4b6c8-a1e1-4c9b-8f2a-000000000003,2026-06-29T12:14:49,1.747,1.672,1.729,1,1,1
51d4b6c8-a1e1-4c9b-8f2a-000000000003,2026-06-29T15:46:22,1.719,1.644,1.699,1,1,1
51d4b6c8-a1e1-4c9b-8f2a-000000000003,2026-06-29T18:50:00,1.705,1.63,1.683,1,1,1
51d4b6c8-a1e1-4c9b-8f2a-000000000003,2026-06-29T21:08:46,1.7,1.625,1.675,1,1,1
51d4b6c8-a1e1-4c9b-8f2a-000000000003,2026-06-30T00:21:59,1.711,1.636,1.688,1,1,1
51d4b6c8-a1e1-4c9b-8f2a-000000000003,2026-06-30T03:55:34,1.73,1.655,1.709,1,1,1
51d4b6c8-a1e1-4c9b-8f2a-000000000003,2026-06-30T07:38:18,1.752,1.677,1.729,1,1,1
51d4b6c8-a1e1-4c9b-8f2a-000000000003,2026-06-30T10:32:16,1.747,1.672,1.729,1,1,0
51d4b6c8-a1e1-4c9b-8f2a-000000000003,2026-06-30T14:03:44,1.72,1.645,1.703,1,1,1
51d4b6c8-a1e1-4c9b-8f2a-000000000003,2026-06-30T17:35:47,1.682,1.607,1.66,1,1,1
51d4b6c8-a1e1-4c9b-8f2a-000000000003,2026-06-30T21:01:47,1.677,1.602,1.658,1,1,1
51d4b6c8-a1e1-4c9b-8f2a-000000000003,2026-07-01T00:08:59,1.686,1.611,1.67,1,1,1
51d4b6c8-a1e1-4c9b-8f2a-000000000003,2026-07-01T03:51:45,1.715,1.64,1.691,1,1,1
51d4b6c8-a1e1-4c9b-8f2a-000000000003,2026-07-01T06:48:08,1.741,1.666,1.722,1,1,1
51d4b6c8-a1e1-4c9b-8f2a-000000000003,2026-07-01T10:10:40,1.735,1.66,1.713,1,1,1
51d4b6c8-a1e1-4c9b-8f2a-000000000003,2026-07-01T12:22:51,1.723,1.648,1.706,1,1,1
51d4b6c8-a1e1-4c9b-8f2a-000000000003,2026-07-01T16:13:41,1.691,1.616,1.668,1,1,1
51d4b6c8-a1e1-4c9b-8f2a-000000000003,2026-07-01T19:03:20,1.679,1.604,1.661,1,1,1
51d4b6c8-a1e1-4c9b-8f2a-000000000003,2026-07-01T21:27:20,1.68,1.605,1.66,0,0,1
51d4b6c8-a1e1-4c9b-8f2a-000000000003,2026-07-02T00:31:03,1.708,1.633,1.688,1,1,1
51d4b6c8-a1e1-4c9b-8f2a-000000000003,2026-07-02T02:39:13,1.713,1.638,1.697,1,1,1
51d4b6c8-a1e1-4c9b-8f2a-000000000003,2026-07-02T05:32:43,1.741,1.666,1.724,1,1,1
51d4b6c8-a1e1-4c9b-8f2a-000000000003,2026-07-02T08:28:01,1.753,1.678,1.733,1,1,1
51d4b6c8-a1e1-4c9b-8f2a-000000000003,2026-07-02T10:30:47,1.744,1.669,1.726,1,1,1
51d4b6c8-a1e1-4c9b-8f2a-000000000003,2026-07-02T13:29:09,1.73,1.655,1.71,1,1,1
51d4b6c8-a1e1-4c9b-8f2a-000000000003,2026-07-02T16:21:37,1.695,1.62,1.675,1,1,1
51d4b6c8-a1e1-4c9b-8f2a-000000000003,2026-07-02T19:56:26,1.683,1.608,1.663,1,1,1
51d4b6c8-a1e1-4c9b-8f2a-000000000003,2026-07-02T23:53:20,1.681,1.606,1.66,1,1,1
51d4b6c8-a1e1-4c9b-8f2a-000000000003,2026-07-03T03:34:54,1.744,1.669,1.729,1,1,1
51d4b6c8-a1e1-4c9b-8f2a-000000000003,2026-07-03T07:06:57,1.763,1.688,1.746,1,1,1
51d4b6c8-a1e1-4c9b-8f2a-000000000003,2026-07-03T10:52:37,1.754,1.679,1.733,1,1,1
51d4b6c8-a1e1-4c9b-8f2a-000000000003,2026-07-03T13:55:56,1.739,1.664,1.716,1,1,1
51d4b6c8-a1e1-4c9b-8f2a-000000000003,2026-07-03T15:58:31,1.718,1.643,1.7,1,1,1
51d4b6c8-a1e1-4c9b-8f2a-000000000003,2026-07-03T18:49:47,1.698,1.623,1.683,1,1,1
51d4b6c8-a1e1-4c9b-8f2a-000000000003,2026-07-03T21:28:58,1.692,1.617,1.669,1,1,1
51d4b6c8-a1e1-4c9b-8f2a-000000000003,2026-07-04T01:14:36,1.725,1.65,1.709,1,1,1
51d4b6c8-a1e1-4c9b-8f2a-000000000003,2026-07-04T03:39:21,1.74,1.665,1.723,1,1,1
51d4b6c8-a1e1-4c9b-8f2a-000000000003,2026-07-04T06:44:09,1.755,1.68,1.738,1,1,1
51d4b6c8-a1e1-4c9b-8f2a-000000000003,2026-07-04T09:11:46,1.764,1.689,1.743,1,1,1
51d4b6c8-a1e1-4c9b-8f2a-000000000003,2026-07-04T11:37:50,1.763,1.688,1.748,1,1,1
51d4b6c8-a1e1-4c9b-8f2a-000000000003,2026-07-04T14:30:35,1.731,1.656,1.711,1,1,1
51d4b6c8-a1e1-4c9b-8f2a-000000000003,2026-07-04T17:16:14,1.703,1.628,1.684,1,1,1
51d4b6c8-a1e1-4c9b-8f2a-000000000003,2026-07-04T20:01:54,1.694,1.619,1.678,1,1,1
51d4b6c8-a1e1-4c9b-8f2a-000000000003,2026-07-04T22:16:30,1.701,1.626,1.684,1,1,1
51d4b6c8-a1e1-4c9b-8f2a-000000000003,2026-07-05T01:29:05,1.719,1.644,1.704,1,1,1
51d4b6c8-a1e1-4c9b-8f2a-000000000003,2026-07-05T04:12:16,1.752,1.677,1.734,1,1,1
51d4b6c8-a1e1-4c9b-8f2a-000000000003,2026-07-05T06:13:09,1.758,1.683,1.734,1,1,0
51d4b6c8-a1e1-4c9b-8f2a-000000000003,2026-07-05T09:53:32,1.772,1.697,1.75,1,1,1
51d4b6c8-a1e1-4c9b-8f2a-000000000003,2026-07-05T13:53:29,1.751,1.676,1.724,1,1,1
51d4b6c8-a1e1-4c9b-8f2a-000000000003,2026-07-05T16:26:27,1.722,1.647,1.704,1,1,1
51d4b6c8-a1e1-4c9b-8f2a-000000000003,2026-07-05T18:56:20,1.708,1.633,1.687,1,1,1
51d4b6c8-a1e1-4c9b-8f2a-000000000003,2026-07-05T21:03:41,1.706,1.631,1.682,1,1,1
51d4b6c8-a1e1-4c9b-8f2a-000000000003,2026-07-05T23:48:17,1.71,1.635,1.698,1,1,1
51d4b6c8-a1e1-4c9b-8f2a-000000000003,2026-07-06T03:17:19,1.731,1.656,1.717,1,1,1
51d4b6c8-a1e1-4c9b-8f2a-000000000003,2026-07-06T05:30:27,1.749,1.674,1.724,1,1,1
51d4b6c8-a1e1-4c9b-8f2a-000000000003,2026-07-06T08:02:16,1.752,1.677,1.729,1,1,1
51d4b6c8-a1e1-4c9b-8f2a-000000000003,2026-07-06T11:48:56,1.748,1.673,1.73,1,1,0
51d4b6c8-a1e1-4c9b-8f2a-000000000003,2026-07-06T15:00:45,1.713,1.638,1.693,1,1,1
51d4b6c8-a1e1-4c9b-8f2a-000000000003,2026-07-06T18:48:25,1.704,1.629,1.676,1,1,1
51d4b6c8-a1e1-4c9b-8f2a-000000000003,2026-07-06T22:31:09,1.702,1.627,1.685,1,1,1
51d4b6c8-a1e1-4c9b-8f2a-000000000003,2026-07-07T01:47:34,1.708,1.633,1.691,1,1,1
51d4b6c8-a1e1-4c9b-8f2a-000000000003,2026-07-07T04:31:26,1.732,1.657,1.709,1,1,1
51d4b6c8-a1e1-4c9b-8f2a-000000000003,2026-07-07T08:01:17,1.749,1.674,1.734,1,1,1
51d4b6c8-a1e1-4c9b-8f2a-000000000003,2026-07-07T10:28:21,1.754,1.679,1.736,1,1,1
51d4b6c8-a1e1-4c9b-8f2a-000000000003,2026-07-07T14:14:47,1.724,1.649,1.702,1,1,1
51d4b6c8-a1e1-4c9b-8f2a-000000000003,2026-07-07T18:11:39,1.685,1.61,1.664,1,1,1
51d4b6c8-a1e1-4c9b-8f2a-000000000003,2026-07-07T21:57:41,1.684,1.609,1.662,1,1,1
51d4b6c8-a1e1-4c9b-8f2a-000000000003,2026-07-08T01:49:50,1.71,1.635,1.688,1,1,1
51d4b6c8-a1e1-4c9b-8f2a-000000000003,2026-07-08T03:55:36,1.727,1.652,1.713,1,1,1
51d4b6c8-a1e1-4c9b-8f2a-000000000003,2026-07-08T06:15:02,1.743,1.668,1.722,1,1,1
51d4b6c8-a1e1-4c9b-8f2a-000000000003,2026-07-08T08:56:18,1.743,1.668,1.721,0,0,0
51d4b6c8-a1e1-4c9b-8f2a-000000000003,2026-07-08T12:10:51,1.734,1.659,1.716,1,1,1
51d4b6c8-a1e1-4c9b-8f2a-000000000003,2026-07-08T15:43:05,1.705,1.63,1.685,1,1,1
51d4b6c8-a1e1-4c9b-8f2a-000000000003,2026-07-08T18:41:34,1.687,1.612,1.664,1,1,1
51d4b6c8-a1e1-4c9b-8f2a-000000000003,2026-07-08T21:22:39,1.686,1.611,1.661,1,1,1
51d4b6c8-a1e1-4c9b-8f2a-000000000003,2026-07-08T23:37:48,1.688,1.613,1.668,1,1,1
51d4b6c8-a1e1-4c9b-8f2a-000000000003,2026-07-09T02:43:51,1.729,1.654,1.701,1,1,1
51d4b6c8-a1e1-4c9b-8f2a-000000000003,2026-07-09T04:53:48,1.737,1.662,1.717,1,1,1
51d4b6c8-a1e1-4c9b-8f2a-000000000003,2026-07-09T08:46:45,1.761,1.686,1.741,1,1,1
51d4b6c8-a1e1-4c9b-8f2a-000000000003,2026-07-09T12:14:46,1.742,1.667,1.721,1,1,1
51d4b6c8-a1e1-4c9b-8f2a-000000000003,2026-07-09T15:57:57,1.711,1.636,1.692,1,1,1
51d4b6c8-a1e1-4c9b-8f2a-000000000003,2026-07-09T19:01:40,1.696,1.621,1.677,1,1,1
51d4b6c8-a1e1-4c9b-8f2a-000000000003,2026-07-09T22:17:47,1.689,1.614,1.673,1,1,1
51d4b6c8-a1e1-4c9b-8f2a-000000000003,2026-07-10T01:30:56,1.73,1.655,1.717,1,1,1
51d4b6c8-a1e1-4c9b-8f2a-000000000003,2026-07-10T05:24:48,1.772,1.697,1.755,1,1,1
51d4b6c8-a1e1-4c9b-8f2a-000000000003,2026-07-10T07:41:08,1.774,1.699,1.754,1,1,0
51d4b6c8-a1e1-4c9b-8f2a-000000000003,2026-07-10T10:47:50,1.774,1.699,1.755,0,0,0
51d4b6c8-a1e1-4c9b-8f2a-000000000003,2026-07-10T13:37:04,1.747,1.672,1.723,1,1,1
51d4b6c8-a1e1-4c9b-8f2a-000000000003,2026-07-10T17:13:55,1.711,1.636,1.689,1,1,1
51d4b6c8-a1e1-4c9b-8f2a-000000000003,2026-07-10T19:37:07,1.71,1.635,1.694,1,0,1
51d4b6c8-a1e1-4c9b-8f2a-000000000003,2026-07-10T22:10:16,1.704,1.629,1.686,1,1,1
51d4b6c8-a1e1-4c9b-8f2a-000000000003,2026-07-11T01:03:28,1.733,1.658,1.713,1,1,1
51d4b6c8-a1e1-4c9b-8f2a-000000000003,2026-07-11T03:17:33,1.753,1.678,1.728,1,1,1
51d4b6c8-a1e1-4c9b-8f2a-000000000003,2026-07-11T05:53:24,1.767,1.692,1.744,1,1,1
51d4b6c8-a1e1-4c9b-8f2a-000000000003,2026-07-11T08:01:51,1.782,1.707,1.761,1,1,1
51d4b6c8-a1e1-4c9b-8f2a-000000000003,2026-07-11T10:47:38,1.789,1.714,1.771,1,1,1
51d4b6c8-a1e1-4c9b-8f2a-000000000003,2026-07-11T13:57:50,1.763,1.688,1.743,1,1,1
51d4b6c8-a1e1-4c9b-8f2a-000000000003,2026-07-11T16:10:12,1.734,1.659,1.712,1,1,1
51d4b6c8-a1e1-4c9b-8f2a-000000000003,2026-07-11T18:53:42,1.724,1.649,1.707,1,1,1
51d4b6c8-a1e1-4c9b-8f2a-000000000003,2026-07-11T22:10:16,1.727,1.652,1.711,1,1,1
51d4b6c8-a1e1-4c9b-8f2a-000000000003,2026-07-12T00:43:22,1.748,1.673,1.733,1,1,1
51d4b6c8-a1e1-4c9b-8f2a-000000000003,2026-07-12T02:53:21,1.756,1.681,1.734,1,1,0
51d4b6c8-a1e1-4c9b-8f2a-000000000003,2026-07-12T05:52:44,1.773,1.698,1.754,1,1,1
51d4b6c8-a1e1-4c9b-8f2a-000000000003,2026-07-12T09:00:01,1.778,1.703,1.761,1,1,1
51d4b6c8-a1e1-4c9b-8f2a-000000000003,2026-07-12T12:51:03,1.766,1.691,1.748,1,1,1
51d4b6c8-a1e1-4c9b-8f2a-000000000003,2026-07-12T16:00:08,1.722,1.647,1.699,1,1,1
51d4b6c8-a1e1-4c9b-8f2a-000000000003,2026-07-12T19:20:50,1.705,1.63,1.685,1,1,1
51d4b6c8-a1e1-4c9b-8f2a-000000000003,2026-07-12T22:55:25,1.705,1.63,1.683,0,0,1
51d4b6c8-a1e1-4c9b-8f2a-000000000003,2026-07-13T02:48:14,1.722,1.647,1.702,1,1,1
51d4b6c8-a1e1-4c9b-8f2a-000000000003,2026-07-13T05:56:16,1.753,1.678,1.733,1,1,1
51d4b6c8-a1e1-4c9b-8f2a-000000000003,2026-07-13T09:46:45,1.756,1.681,1.736,1,1,1
51d4b6c8-a1e1-4c9b-8f2a-000000000003,2026-07-13T12:28:02,1.75,1.675,1.734,1,1,1
51d4b6c8-a1e1-4c9b-8f2a-000000000003,2026-07-13T14:33:46,1.729,1.654,1.709,1,1,1
51d4b6c8-a1e1-4c9b-8f2a-000000000003,2026-07-13T18:06:16,1.692,1.617,1.674,1,1,1
51d4b6c8-a1e1-4c9b-8f2a-000000000003,2026-07-13T20:48:06,1.684,1.609,1.661,1,1,1
51d4b6c8-a1e1-4c9b-8f2a-000000000003,2026-07-14T00:16:53,1.697,1.622,1.683,1,1,1
51d4b6c8-a1e1-4c9b-8f2a-000000000003,2026-07-14T02:29:02,1.707,1.632,1.685,1,1,1
51d4b6c8-a1e1-4c9b-8f2a-000000000003,2026-07-14T05:14:57,1.737,1.662,1.714,1,1,1
51d4b6c8-a1e1-4c9b-8f2a-000000000003,2026-07-14T08:51:40,1.747,1.672,1.726,1,1,1
51d4b6c8-a1e1-4c9b-8f2a-000000000003,2026-07-14T12:01:29,1.733,1.658,1.71,1,1,1
51d4b6c8-a1e1-4c9b-8f2a-000000000003,2026-07-14T15:32:18,1.705,1.63,1.685,1,1,1
51d4b6c8-a1e1-4c9b-8f2a-000000000003,2026-07-14T18:44:03,1.683,1.608,1.664,1,1,1
51d4b6c8-a1e1-4c9b-8f2a-000000000003,2026-07-14T22:09:58,1.682,1.607,1.668,1,1,1
51d4b6c8-a1e1-4c9b-8f2a-000000000003,2026-07-15T01:47:43,1.704,1.629,1.688,1,1,1
51d4b6c8-a1e1-4c9b-8f2a-000000000003,2026-07-15T03:57:35,1.727,1.652,1.702,1,1,1
51d4b6c8-a1e1-4c9b-8f2a-000000000003,2026-07-15T06:30:26,1.753,1.678,1.725,1,1,1
51d4b6c8-a1e1-4c9b-8f2a-000000000003,2026-07-15T08:59:52,1.758,1.683,1.74,1,1,1
51d4b6c8-a1e1-4c9b-8f2a-000000000003,2026-07-15T11:02:22,1.744,1.669,1.722,1,1,1
51d4b6c8-a1e1-4c9b-8f2a-000000000003,2026-07-15T14:08:31,1.713,1.638,1.69,1,1,1
51d4b6c8-a1e1-4c9b-8f2a-000000000003,2026-07-15T17:55:09,1.688,1.613,1.664,1,1,1
51d4b6c8-a1e1-4c9b-8f2a-000000000003,2026-07-15T21:52:58,1.677,1.602,1.663,1,1,0
51d4b6c8-a1e1-4c9b-8f2a-000000000003,2026-07-16T00:31:24,1.703,1.628,1.682,1,1,1
51d4b6c8-a1e1-4c9b-8f2a-000000000003,2026-07-16T04:14:35,1.737,1.662,1.723,1,1,1
51d4b6c8-a1e1-4c9b-8f2a-000000000003,2026-07-16T07:48:42,1.756,1.681,1.736,1,1,1
51d4b6c8-a1e1-4c9b-8f2a-000000000003,2026-07-16T11:25:34,1.743,1.668,1.721,1,1,1
51d4b6c8-a1e1-4c9b-8f2a-000000000003,2026-07-16T15:23:46,1.709,1.634,1.689,1,1,1
51d4b6c8-a1e1-4c9b-8f2a-000000000003,2026-07-16T18:38:02,1.687,1.612,1.668,1,1,1
51d4b6c8-a1e1-4c9b-8f2a-000000000003,2026-07-16T21:45:07,1.681,1.606,1.666,1,1,1
51d4b6c8-a1e1-4c9b-8f2a-000000000003,2026-07-17T00:02:51,1.712,1.637,1.686,1,1,1
51d4b6c8-a1e1-4c9b-8f2a-000000000003,2026-07-17T03:30:11,1.731,1.656,1.712,1,1,1
51d4b6c8-a1e1-4c9b-8f2a-000000000003,2026-07-17T07:23:19,1.764,1.689,1.739,1,1,1
51d4b6c8-a1e1-4c9b-8f2a-000000000003,2026-07-17T10:02:59,1.767,1.692,1.741,1,1,1
51d4b6c8-a1e1-4c9b-8f2a-000000000003,2026-07-17T12:20:17,1.742,1.667,1.726,1,1,1
51d4b6c8-a1e1-4c9b-8f2a-000000000003,2026-07-17T15:45:44,1.725,1.65,1.71,1,1,1
51d4b6c8-a1e1-4c9b-8f2a-000000000003,2026-07-17T18:59:24,1.69,1.615,1.67,1,1,1
51d4b6c8-a1e1-4c9b-8f2a-000000000003,2026-07-17T22:30:28,1.697,1.622,1.681,1,1,1
51d4b6c8-a1e1-4c9b-8f2a-000000000003,2026-07-18T01:29:52,1.725,1.65,1.698,1,1,1
51d4b6c8-a1e1-4c9b-8f2a-000000000003,2026-07-18T04:16:21,1.747,1.672,1.725,1,1,1
51d4b6c8-a1e1-4c9b-8f2a-000000000003,2026-07-18T06:57:33,1.764,1.689,1.747,1,1,1
51d4b6c8-a1e1-4c9b-8f2a-000000000003,2026-07-18T09:19:42,1.765,1.69,1.754,0,0,1
51d4b6c8-a1e1-4c9b-8f2a-000000000003,2026-07-18T12:35:39,1.751,1.676,1.735,1,1,1
51d4b6c8-a1e1-4c9b-8f2a-000000000003,2026-07-18T16:33:30,1.709,1.634,1.69,1,1,1
51d4b6c8-a1e1-4c9b-8f2a-000000000003,2026-07-18T20:29:08,1.693,1.618,1.679,1,1,1
51d4b6c8-a1e1-4c9b-8f2a-000000000003,2026-07-18T23:36:44,1.706,1.631,1.686,1,1,1
51d4b6c8-a1e1-4c9b-8f2a-000000000003,2026-07-19T02:51:14,1.735,1.66,1.72,1,1,1
51d4b6c8-a1e1-4c9b-8f2a-000000000003,2026-07-19T06:03:12,1.764,1.689,1.741,1,1,1
51d4b6c8-a1e1-4c9b-8f2a-000000000003,2026-07-19T09:48:46,1.765,1.69,1.746,0,0,1
51d4b6c8-a1e1-4c9b-8f2a-000000000003,2026-07-19T12:53:17,1.753,1.678,1.731,1,1,1
51d4b6c8-a1e1-4c9b-8f2a-000000000003,2026-07-19T15:30:41,1.723,1.648,1.697,1,1,1
51d4b6c8-a1e1-4c9b-8f2a-000000000003,2026-07-19T18:30:24,1.707,1.632,1.687,1,1,1
51d4b6c8-a1e1-4c9b-8f2a-000000000003,2026-07-19T22:22:56,1.698,1.623,1.677,1,1,1
51d4b6c8-a1e1-4c9b-8f2a-000000000003,2026-07-20T01:29:28,1.707,1.632,1.689,1,1,1
51d4b6c8-a1e1-4c9b-8f2a-000000000003,2026-07-20T05:07:35,1.747,1.672,1.733,1,1,1
51d4b6c8-a1e1-4c9b-8f2a-000000000003,2026-07-20T08:44:53,1.749,1.674,1.724,1,1,1
51d4b6c8-a1e1-4c9b-8f2a-000000000003,2026-07-20T10:56:44,1.742,1.667,1.718,1,1,1
51d4b6c8-a1e1-4c9b-8f2a-000000000003,2026-07-20T14:00:34,1.709,1.634,1.689,1,1,1
51d4b6c8-a1e1-4c9b-8f2a-000000000003,2026-07-20T16:39:01,1.694,1.619,1.671,1,1,1
51d4b6c8-a1e1-4c9b-8f2a-000000000003,2026-07-20T18:48:54,1.685,1.61,1.668,1,1,1
51d4b6c8-a1e1-4c9b-8f2a-000000000003,2026-07-20T22:02:03,1.69,1.615,1.671,1,1,1
51d4b6c8-a1e1-4c9b-8f2a-000000000003,2026-07-21T01:05:22,1.684,1.609,1.663,1,1,1
51d4b6c8-a1e1-4c9b-8f2a-000000000003,2026-07-21T04:15:51,1.707,1.632,1.687,1,1,1
51d4b6c8-a1e1-4c9b-8f2a-000000000003,2026-07-21T06:21:31,1.723,1.648,1.711,1,1,1
51d4b6c8-a1e1-4c9b-8f2a-000000000003,2026-07-21T08:27:49,1.719,1.644,1.697,1,1,1
51d4b6c8-a1e1-4c9b-8f2a-000000000003,2026-07-21T11:12:19,1.718,1.643,1.697,1,0,0
51d4b6c8-a1e1-4c9b-8f2a-000000000003,2026-07-21T15:06:19,1.681,1.606,1.662,1,1,1
51d4b6c8-a1e1-4c9b-8f2a-000000000003,2026-07-21T18:23:10,1.668,1.593,1.647,1,1,1
51d4b6c8-a1e1-4c9b-8f2a-000000000003,2026-07-21T21:45:53,1.662,1.587,1.645,1,1,1
51d4b6c8-a1e1-4c9b-8f2a-000000000003,2026-07-22T01:44:01,1.682,1.607,1.66,1,1,1
51d4b6c8-a1e1-4c9b-8f2a-000000000003,2026-07-22T05:24:33,1.716,1.641,1.693,1,1,1
51d4b6c8-a1e1-4c9b-8f2a-000000000003,2026-07-22T08:15:17,1.725,1.65,1.702,1,1,1
51d4b6c8-a1e1-4c9b-8f2a-000000000003,2026-07-22T10:39:53,1.715,1.64,1.694,1,1,1
51d4b6c8-a1e1-4c9b-8f2a-000000000003,2026-07-22T13:29:31,1.702,1.627,1.679,1,1,1
51d4b6c8-a1e1-4c9b-8f2a-000000000003,2026-07-22T16:28:06,1.663,1.588,1.642,1,1,1
51d4b6c8-a1e1-4c9b-8f2a-000000000003,2026-07-22T19:47:39,1.647,1.572,1.625,1,1,1
51d4b6c8-a1e1-4c9b-8f2a-000000000003,2026-07-22T23:35:55,1.655,1.58,1.638,1,1,1
51d4b6c8-a1e1-4c9b-8f2a-000000000003,2026-07-23T02:57:38,1.683,1.608,1.665,1,1,1
51d4b6c8-a1e1-4c9b-8f2a-000000000003,2026-07-23T05:31:48,1.71,1.635,1.693,1,1,1
51d4b6c8-a1e1-4c9b-8f2a-000000000003,2026-07-23T09:25:49,1.713,1.638,1.693,1,1,0
51d4b6c8-a1e1-4c9b-8f2a-000000000003,2026-07-23T13:25:17,1.69,1.615,1.671,1,1,1
51d4b6c8-a1e1-4c9b-8f2a-000000000003,2026-07-23T16:56:47,1.662,1.587,1.646,1,1,1
51d4b6c8-a1e1-4c9b-8f2a-000000000003,2026-07-23T19:49:22,1.651,1.576,1.636,1,1,1
51d4b6c8-a1e1-4c9b-8f2a-000000000003,2026-07-23T22:12:02,1.647,1.572,1.63,1,1,1
51d4b6c8-a1e1-4c9b-8f2a-000000000003,2026-07-24T02:05:52,1.696,1.621,1.675,1,1,1
51d4b6c8-a1e1-4c9b-8f2a-000000000003,2026-07-24T05:23:10,1.716,1.641,1.698,1,1,1
51d4b6c8-a1e1-4c9b-8f2a-000000000003,2026-07-24T07:30:48,1.726,1.651,1.7,1,1,1
51d4b6c8-a1e1-4c9b-8f2a-000000000003,2026-07-24T09:39:08,1.72,1.645,1.7,1,1,0
51d4b6c8-a1e1-4c9b-8f2a-000000000003,2026-07-24T11:56:20,1.717,1.642,1.694,1,1,1
51d4b6c8-a1e1-4c9b-8f2a-000000000003,2026-07-24T15:10:34,1.689,1.614,1.667,1,1,1
51d4b6c8-a1e1-4c9b-8f2a-000000000003,2026-07-24T17:27:47,1.673,1.598,1.648,1,1,1
51d4b6c8-a1e1-4c9b-8f2a-000000000003,2026-07-24T21:00:02,1.661,1.586,1.645,1,1,1
51d4b6c8-a1e1-4c9b-8f2a-000000000003,2026-07-25T00:07:40,1.689,1.614,1.673,1,1,1
51d4b6c8-a1e1-4c9b-8f2a-000000000003,2026-07-25T02:41:34,1.696,1.621,1.678,1,1,1
51d4b6c8-a1e1-4c9b-8f2a-000000000003,2026-07-25T06:03:30,1.729,1.654,1.702,1,1,1
51d4b6c8-a1e1-4c9b-8f2a-000000000003,2026-07-25T08:21:53,1.736,1.661,1.717,1,1,1
51d4b6c8-a1e1-4c9b-8f2a-000000000003,2026-07-25T11:38:20,1.739,1.664,1.722,1,1,1
51d4b6c8-a1e1-4c9b-8f2a-000000000003,2026-07-25T13:40:51,1.716,1.641,1.698,1,1,1
51d4b6c8-a1e1-4c9b-8f2a-000000000003,2026-07-25T17:06:08,1.676,1.601,1.658,1,1,1
51d4b6c8-a1e1-4c9b-8f2a-000000000003,2026-07-25T20:59:09,1.659,1.584,1.642,1,1,1
51d4b6c8-a1e1-4c9b-8f2a-000000000003,2026-07-25T23:52:25,1.676,1.601,1.652,1,1,1
51d4b6c8-a1e1-4c9b-8f2a-000000000003,2026-07-26T02:17:08,1.704,1.629,1.686,1,1,1
51d4b6c8-a1e1-4c9b-8f2a-000000000003,2026-07-26T06:01:58,1.727,1.652,1.702,1,1,1
51d4b6c8-a1e1-4c9b-8f2a-000000000003,2026-07-26T08:50:57,1.736,1.661,1.717,1,1,1
51d4b6c8-a1e1-4c9b-8f2a-000000000003,2026-07-26T11:03:59,1.721,1.646,1.702,1,1,1
51d4b6c8-a1e1-4c9b-8f2a-000000000003,2026-07-26T13:10:06,1.702,1.627,1.682,1,1,1
51d4b6c8-a1e1-4c9b-8f2a-000000000003,2026-07-26T15:56:12,1.685,1.61,1.664,1,1,1
51d4b6c8-a1e1-4c9b-8f2a-000000000003,2026-07-26T19:16:15,1.658,1.583,1.634,1,1,1
51d4b6c8-a1e1-4c9b-8f2a-000000000003,2026-07-26T21:34:57,1.658,1.583,1.635,0,0,1
51d4b6c8-a1e1-4c9b-8f2a-000000000003,2026-07-27T01:19:07,1.671,1.596,1.649,1,1,1
51d4b6c8-a1e1-4c9b-8f2a-000000000003,2026-07-27T05:11:05,1.694,1.619,1.671,1,1,1
51d4b6c8-a1e1-4c9b-8f2a-000000000003,2026-07-27T07:21:22,1.704,1.629,1.683,1,1,1
51d4b6c8-a1e1-4c9b-8f2a-000000000003,2026-07-27T11:03:41,1.7,1.625,1.681,1,1,1
51d4b6c8-a1e1-4c9b-8f2a-000000000003,2026-07-27T14:44:34,1.673,1.598,1.651,1,1,1
51d4b6c8-a1e1-4c9b-8f2a-000000000003,2026-07-27T18:23:57,1.636,1.561,1.619,1,1,1
51d4b6c8-a1e1-4c9b-8f2a-000000000003,2026-07-27T22:12:03,1.632,1.557,1.614,1,1,1
51d4b6c8-a1e1-4c9b-8f2a-000000000003,2026-07-28T01:26:15,1.648,1.573,1.633,1,1,1
51d4b6c8-a1e1-4c9b-8f2a-000000000003,2026-07-28T05:14:41,1.676,1.601,1.655,1,1,1
51d4b6c8-a1e1-4c9b-8f2a-000000000003,2026-07-28T08:08:04,1.686,1.611,1.664,1,1,1
51d4b6c8-a1e1-4c9b-8f2a-000000000003,2026-07-28T10:10:28,1.688,1.613,1.662,1,1,1
51d4b6c8-a1e1-4c9b-8f2a-000000000003,2026-07-28T13:20:39,1.673,1.598,1.657,1,1,1
51d4b6c8-a1e1-4c9b-8f2a-000000000003,2026-07-28T17:06:55,1.632,1.557,1.611,1,1,1
51d4b6c8-a1e1-4c9b-8f2a-000000000003,2026-07-28T19:23:07,1.624,1.549,1.61,1,1,0
51d4b6c8-a1e1-4c9b-8f2a-000000000003,2026-07-28T22:43:23,1.621,1.546,1.605,1,1,1
51d4b6c8-a1e1-4c9b-8f2a-000000000003,2026-07-29T02:37:14,1.658,1.583,1.644,1,1,1
51d4b6c8-a1e1-4c9b-8f2a-000000000003,2026-07-29T05:27:22,1.682,1.607,1.66,1,1,1
51d4b6c8-a1e1-4c9b-8f2a-000000000003,2026-07-29T08:01:00,1.684,1.609,1.665,1,1,1
51d4b6c8-a1e1-4c9b-8f2a-000000000003,2026-07-29T10:29:39,1.676,1.601,1.657,1,1,1
51d4b6c8-a1e1-4c9b-8f2a-000000000003,2026-07-29T12:34:30,1.66,1.585,1.644,1,1,1
51d4b6c8-a1e1-4c9b-8f2a-000000000003,2026-07-29T14:50:11,1.646,1.571,1.623,1,1,1
51d4b6c8-a1e1-4c9b-8f2a-000000000003,2026-07-29T16:52:29,1.635,1.56,1.62,1,1,1
51d4b6c8-a1e1-4c9b-8f2a-000000000003,2026-07-29T20:16:07,1.615,1.54,1.59,1,1,1
51d4b6c8-a1e1-4c9b-8f2a-000000000003,2026-07-29T23:50:12,1.623,1.548,1.602,1,1,1
51d4b6c8-a1e1-4c9b-8f2a-000000000003,2026-07-30T02:48:52,1.658,1.583,1.635,1,1,1
51d4b6c8-a1e1-4c9b-8f2a-000000000003,2026-07-30T04:59:02,1.664,1.589,1.648,1,1,1
51d4b6c8-a1e1-4c9b-8f2a-000000000003,2026-07-30T08:35:47,1.691,1.616,1.672,1,1,1
51d4b6c8-a1e1-4c9b-8f2a-000000000003,2026-07-30T10:54:16,1.678,1.603,1.658,1,1,1
51d4b6c8-a1e1-4c9b-8f2a-000000000003,2026-07-30T14:31:06,1.652,1.577,1.631,1,1,1
51d4b6c8-a1e1-4c9b-8f2a-000000000003,2026-07-30T17:46:15,1.628,1.553,1.608,1,1,1
51d4b6c8-a1e1-4c9b-8f2a-000000000003,2026-07-30T20:00:53,1.622,1.547,1.606,1,1,1
51d4b6c8-a1e1-4c9b-8f2a-000000000003,2026-07-30T22:10:37,1.635,1.56,1.615,1,1,1
51d4b6c8-a1e1-4c9b-8f2a-000000000003,2026-07-31T00:16:37,1.65,1.575,1.634,1,1,1
51d4b6c8-a1e1-4c9b-8f2a-000000000003,2026-07-31T03:13:45,1.693,1.618,1.674,1,1,1
51d4b6c8-a1e1-4c9b-8f2a-000000000003,2026-07-31T06:34:53,1.707,1.632,1.688,1,1,1
51d4b6c8-a1e1-4c9b-8f2a-000000000003,2026-07-31T08:35:38,1.712,1.637,1.685,1,1,1
51d4b6c8-a1e1-4c9b-8f2a-000000000003,2026-07-31T11:59:38,1.7,1.625,1.681,1,1,1
51d4b6c8-a1e1-4c9b-8f2a-000000000003,2026-07-31T14:38:12,1.675,1.6,1.651,1,1,1
51d4b6c8-a1e1-4c9b-8f2a-000000000003,2026-07-31T17:39:00,1.641,1.566,1.624,1,1,1
51d4b6c8-a1e1-4c9b-8f2a-000000000003,2026-07-31T21:07:15,1.634,1.559,1.614,1,1,1
51d4b6c8-a1e1-4c9b-8f2a-000000000003,2026-07-31T23:15:01,1.645,1.57,1.629,1,1,1
51d4b6c8-a1e1-4c9b-8f2a-000000000003,2026-08-01T02:29:24,1.679,1.604,1.659,1,1,1
51d4b6c8-a1e1-4c9b-8f2a-000000000003,2026-08-01T05:58:43,1.697,1.622,1.674,1,1,1
51d4b6c8-a1e1-4c9b-8f2a-000000000003,2026-08-01T08:42:05,1.708,1.633,1.688,1,1,1
51d4b6c8-a1e1-4c9b-8f2a-000000000003,2026-08-01T11:36:11,1.704,1.629,1.684,1,1,1
51d4b6c8-a1e1-4c9b-8f2a-000000000003,2026-08-01T15:07:47,1.685,1.61,1.664,1,1,1
51d4b6c8-a1e1-4c9b-8f2a-000000000003,2026-08-01T17:50:08,1.646,1.571,1.627,1,1,1
51d4b6c8-a1e1-4c9b-8f2a-000000000003,2026-08-01T21:31:43,1.648,1.573,1.626,1,1,1
51d4b6c8-a1e1-4c9b-8f2a-000000000003,2026-08-02T01:01:47,1.678,1.603,1.659,1,1,1
51d4b6c8-a1e1-4c9b-8f2a-000000000003,2026-08-02T03:39:47,1.698,1.623,1.683,1,1,1
51d4b6c8-a1e1-4c9b-8f2a-000000000003,2026-08-02T06:59:12,1.717,1.642,1.696,1,1,1
51d4b6c8-a1e1-4c9b-8f2a-000000000003,2026-08-02T09:10:35,1.723,1.648,1.706,1,1,1
51d4b6c8-a1e1-4c9b-8f2a-000000000003,2026-08-02T11:47:00,1.711,1.636,1.69,1,1,1
51d4b6c8-a1e1-4c9b-8f2a-000000000003,2026-08-02T14:45:23,1.684,1.609,1.668,1,1,1
51d4b6c8-a1e1-4c9b-8f2a-000000000003,2026-08-02T16:52:34,1.679,1.604,1.66,1,1,1
51d4b6c8-a1e1-4c9b-8f2a-000000000003,2026-08-02T19:49:46,1.662,1.587,1.643,1,1,1
51d4b6c8-a1e1-4c9b-8f2a-000000000003,2026-08-02T21:51:19,1.66,1.585,1.644,1,1,0
51d4b6c8-a1e1-4c9b-8f2a-000000000003,2026-08-03T01:13:24,1.668,1.593,1.647,1,1,1
51d4b6c8-a1e1-4c9b-8f2a-000000000003,2026-08-03T04:50:16,1.691,1.616,1.676,1,1,1
51d4b6c8-a1e1-4c9b-8f2a-000000000003,2026-08-03T06:57:50,1.71,1.635,1.689,1,1,1
51d4b6c8-a1e1-4c9b-8f2a-000000000003,2026-08-03T10:42:28,1.719,1.644,1.695,1,1,1
51d4b6c8-a1e1-4c9b-8f2a-000000000003,2026-08-03T14:16:53,1.675,1.6,1.655,1,1,1
51d4b6c8-a1e1-4c9b-8f2a-000000000003,2026-08-03T16:55:30,1.663,1.588,1.643,1,1,1
51d4b6c8-a1e1-4c9b-8f2a-000000000003,2026-08-03T20:06:38,1.65,1.575,1.63,1,1,1
51d4b6c8-a1e1-4c9b-8f2a-000000000003,2026-08-03T23:07:57,1.653,1.578,1.629,1,1,0
51d4b6c8-a1e1-4c9b-8f2a-000000000003,2026-08-04T01:17:43,1.651,1.576,1.633,1,1,1
51d4b6c8-a1e1-4c9b-8f2a-000000000003,2026-08-04T04:11:39,1.677,1.602,1.655,1,1,1
51d4b6c8-a1e1-4c9b-8f2a-000000000003,2026-08-04T06:28:49,1.689,1.614,1.667,1,1,1
51d4b6c8-a1e1-4c9b-8f2a-000000000003,2026-08-04T10:07:48,1.69,1.615,1.672,0,0,1
51d4b6c8-a1e1-4c9b-8f2a-000000000003,2026-08-04T12:46:12,1.678,1.603,1.66,1,1,1
51d4b6c8-a1e1-4c9b-8f2a-000000000003,2026-08-04T16:41:08,1.645,1.57,1.629,1,1,1
51d4b6c8-a1e1-4c9b-8f2a-000000000003,2026-08-04T20:09:23,1.631,1.556,1.612,1,1,1
51d4b6c8-a1e1-4c9b-8f2a-000000000003,2026-08-04T23:47:37,1.632,1.557,1.614,0,0,1
51d4b6c8-a1e1-4c9b-8f2a-000000000003,2026-08-05T01:50:39,1.638,1.563,1.611,1,1,1
51d4b6c8-a1e1-4c9b-8f2a-000000000003,2026-08-05T04:08:22,1.666,1.591,1.645,1,1,1
51d4b6c8-a1e1-4c9b-8f2a-000000000003,2026-08-05T07:39:23,1.691,1.616,1.67,1,1,1
51d4b6c8-a1e1-4c9b-8f2a-000000000003,2026-08-05T09:58:56,1.688,1.613,1.668,1,1,1
51d4b6c8-a1e1-4c9b-8f2a-000000000003,2026-08-05T13:43:04,1.658,1.583,1.637,1,1,1
51d4b6c8-a1e1-4c9b-8f2a-000000000003,2026-08-05T16:58:32,1.627,1.552,1.608,1,1,1
51d4b6c8-a1e1-4c9b-8f2a-000000000003,2026-08-05T20:38:51,1.615,1.54,1.589,1,1,1
51d4b6c8-a1e1-4c9b-8f2a-000000000003,2026-08-05T22:45:34,1.618,1.543,1.598,1,1,1
51d4b6c8-a1e1-4c9b-8f2a-000000000003,2026-08-06T00:53:42,1.643,1.568,1.623,1,1,1
51d4b6c8-a1e1-4c9b-8f2a-000000000003,2026-08-06T04:50:23,1.672,1.597,1.655,1,1,1
51d4b6c8-a1e1-4c9b-8f2a-000000000003,2026-08-06T07:49:29,1.69,1.615,1.669,1,1,1
51d4b6c8-a1e1-4c9b-8f2a-000000000003,2026-08-06T11:28:13,1.682,1.607,1.662,1,1,1
51d4b6c8-a1e1-4c9b-8f2a-000000000003,2026-08-06T15:17:36,1.652,1.577,1.631,1,1,1
51d4b6c8-a1e1-4c9b-8f2a-000000000003,2026-08-06T18:58:44,1.631,1.556,1.611,1,1,1
51d4b6c8-a1e1-4c9b-8f2a-000000000003,2026-08-06T21:26:40,1.634,1.559,1.612,1,1,1
51d4b6c8-a1e1-4c9b-8f2a-000000000003,2026-08-07T00:47:05,1.66,1.585,1.636,1,1,1
51d4b6c8-a1e1-4c9b-8f2a-000000000003,2026-08-07T04:07:27,1.688,1.613,1.667,1,1,1
51d4b6c8-a1e1-4c9b-8f2a-000000000003,2026-08-07T07:17:23,1.707,1.632,1.683,1,1,1
51d4b6c8-a1e1-4c9b-8f2a-000000000003,2026-08-07T10:01:33,1.705,1.63,1.678,1,1,1
51d4b6c8-a1e1-4c9b-8f2a-000000000003,2026-08-07T13:30:52,1.679,1.604,1.658,1,1,1
51d4b6c8-a1e1-4c9b-8f2a-000000000003,2026-08-07T15:50:03,1.672,1.597,1.651,1,1,1
51d4b6c8-a1e1-4c9b-8f2a-000000000003,2026-08-07T18:04:21,1.652,1.577,1.633,1,1,1
51d4b6c8-a1e1-4c9b-8f2a-000000000003,2026-08-07T21:22:31,1.641,1.566,1.626,1,1,1
51d4b6c8-a1e1-4c9b-8f2a-000000000003,2026-08-08T00:51:39,1.667,1.592,1.651,1,1,1
51d4b6c8-a1e1-4c9b-8f2a-000000000003,2026-08-08T04:21:19,1.697,1.622,1.678,1,1,1
51d4b6c8-a1e1-4c9b-8f2a-000000000003,2026-08-08T06:27:51,1.705,1.63,1.683,1,1,1
51d4b6c8-a1e1-4c9b-8f2a-000000000003,2026-08-08T08:58:08,1.715,1.64,1.696,1,1,1
51d4b6c8-a1e1-4c9b-8f2a-000000000003,2026-08-08T11:58:05,1.706,1.631,1.683,1,1,1
51d4b6c8-a1e1-4c9b-8f2a-000000000003,2026-08-08T14:44:58,1.674,1.599,1.649,1,1,1
51d4b6c8-a1e1-4c9b-8f2a-000000000003,2026-08-08T18:05:01,1.651,1.576,1.632,1,1,1
51d4b6c8-a1e1-4c9b-8f2a-000000000003,2026-08-08T20:05:03,1.646,1.571,1.626,1,1,1
51d4b6c8-a1e1-4c9b-8f2a-000000000003,2026-08-08T22:58:27,1.652,1.577,1.632,1,1,1
51d4b6c8-a1e1-4c9b-8f2a-000000000003,2026-08-09T01:42:37,1.662,1.587,1.64,1,1,1
51d4b6c8-a1e1-4c9b-8f2a-000000000003,2026-08-09T05:01:03,1.708,1.633,1.688,1,1,1
51d4b6c8-a1e1-4c9b-8f2a-000000000003,2026-08-09T07:18:04,1.712,1.637,1.693,1,1,1
51d4b6c8-a1e1-4c9b-8f2a-000000000003,2026-08-09T10:34:29,1.707,1.632,1.681,1,1,1
51d4b6c8-a1e1-4c9b-8f2a-000000000003,2026-08-09T14:26:20,1.677,1.602,1.651,1,1,1
51d4b6c8-a1e1-4c9b-8f2a-000000000003,2026-08-09T17:49:43,1.657,1.582,1.638,1,1,1
51d4b6c8-a1e1-4c9b-8f2a-000000000003,2026-08-09T19:57:19,1.64,1.565,1.619,1,1,1
51d4b6c8-a1e1-4c9b-8f2a-000000000003,2026-08-09T22:49:12,1.647,1.572,1.627,1,1,1
51d4b6c8-a1e1-4c9b-8f2a-000000000003,2026-08-10T02:36:54,1.652,1.577,1.63,1,1,1
51d4b6c8-a1e1-4c9b-8f2a-000000000003,2026-08-10T05:01:13,1.676,1.601,1.649,1,1,1
51d4b6c8-a1e1-4c9b-8f2a-000000000003,2026-08-10T07:23:47,1.681,1.606,1.665,1,1,1
51d4b6c8-a1e1-4c9b-8f2a-000000000003,2026-08-10T11:06:38,1.678,1.603,1.653,1,1,1
51d4b6c8-a1e1-4c9b-8f2a-000000000003,2026-08-10T14:32:30,1.652,1.577,1.628,1,1,1
51d4b6c8-a1e1-4c9b-8f2a-000000000003,2026-08-10T17:37:51,1.639,1.564,1.616,1,1,1
51d4b6c8-a1e1-4c9b-8f2a-000000000003,2026-08-10T20:42:44,1.627,1.552,1.605,1,1,1
51d4b6c8-a1e1-4c9b-8f2a-000000000003,2026-08-11T00:40:46,1.627,1.552,1.61,0,0,1
51d4b6c8-a1e1-4c9b-8f2a-000000000003,2026-08-11T04:27:30,1.653,1.578,1.635,1,1,1
51d4b6c8-a1e1-4c9b-8f2a-000000000003,2026-08-11T06:44:01,1.668,1.593,1.646,1,1,1
51d4b6c8-a1e1-4c9b-8f2a-000000000003,2026-08-11T09:48:43,1.665,1.59,1.652,1,1,1
51d4b6c8-a1e1-4c9b-8f2a-000000000003,2026-08-11T12:06:07,1.648,1.573,1.624,1,1,1
51d4b6c8-a1e1-4c9b-8f2a-000000000003,2026-08-11T15:48:15,1.615,1.54,1.596,1,1,1
51d4b6c8-a1e1-4c9b-8f2a-000000000003,2026-08-11T19:27:04,1.598,1.523,1.577,1,1,1
51d4b6c8-a1e1-4c9b-8f2a-000000000003,2026-08-11T22:29:25,1.593,1.518,1.578,1,1,1
51d4b6c8-a1e1-4c9b-8f2a-000000000003,2026-08-12T01:51:30,1.609,1.534,1.589,1,1,1
51d4b6c8-a1e1-4c9b-8f2a-000000000003,2026-08-12T05:31:52,1.648,1.573,1.629,1,1,1
51d4b6c8-a1e1-4c9b-8f2a-000000000003,2026-08-12T08:14:01,1.65,1.575,1.629,1,1,0
51d4b6c8-a1e1-4c9b-8f2a-000000000003,2026-08-12T11:30:52,1.638,1.563,1.618,1,1,1
51d4b6c8-a1e1-4c9b-8f2a-000000000003,2026-08-12T15:06:06,1.604,1.529,1.585,1,1,1
51d4b6c8-a1e1-4c9b-8f2a-000000000003,2026-08-12T17:14:46,1.587,1.512,1.569,1,1,1
51d4b6c8-a1e1-4c9b-8f2a-000000000003,2026-08-12T19:26:21,1.577,1.502,1.557,1,1,1
51d4b6c8-a1e1-4c9b-8f2a-000000000003,2026-08-12T21:40:53,1.584,1.509,1.564,1,1,1
51d4b6c8-a1e1-4c9b-8f2a-000000000003,2026-08-13T00:31:31,1.603,1.528,1.586,1,1,1
51d4b6c8-a1e1-4c9b-8f2a-000000000003,2026-08-13T03:07:32,1.635,1.56,1.612,1,1,1
51d4b6c8-a1e1-4c9b-8f2a-000000000003,2026-08-13T06:21:19,1.652,1.577,1.632,1,1,1
51d4b6c8-a1e1-4c9b-8f2a-000000000003,2026-08-13T08:59:40,1.663,1.588,1.64,1,1,1
51d4b6c8-a1e1-4c9b-8f2a-000000000003,2026-08-13T11:11:26,1.651,1.576,1.629,1,1,1
51d4b6c8-a1e1-4c9b-8f2a-000000000003,2026-08-13T15:08:00,1.619,1.544,1.593,1,1,1
51d4b6c8-a1e1-4c9b-8f2a-000000000003,2026-08-13T18:04:59,1.604,1.529,1.586,1,1,1
51d4b6c8-a1e1-4c9b-8f2a-000000000003,2026-08-13T21:30:51,1.595,1.52,1.575,1,1,1
51d4b6c8-a1e1-4c9b-8f2a-000000000003,2026-08-13T23:34:58,1.614,1.539,1.589,1,1,1
51d4b6c8-a1e1-4c9b-8f2a-000000000003,2026-08-14T02:00:57,1.65,1.575,1.633,1,1,1
51d4b6c8-a1e1-4c9b-8f2a-000000000003,2026-08-14T05:53:13,1.667,1.592,1.647,1,1,1
51d4b6c8-a1e1-4c9b-8f2a-000000000003,2026-08-14T09:16:53,1.682,1.607,1.665,1,1,1
51d4b6c8-a1e1-4c9b-8f2a-000000000003,2026-08-14T12:40:40,1.663,1.588,1.642,1,1,1
51d4b6c8-a1e1-4c9b-8f2a-000000000003,2026-08-14T15:00:12,1.637,1.562,1.62,1,1,1
51d4b6c8-a1e1-4c9b-8f2a-000000000003,2026-08-14T17:24:05,1.628,1.553,1.609,1,1,1
51d4b6c8-a1e1-4c9b-8f2a-000000000003,2026-08-14T21:00:54,1.612,1.537,1.593,1,1,1
51d4b6c8-a1e1-4c9b-8f2a-000000000003,2026-08-15T00:22:52,1.642,1.567,1.625,1,1,1
51d4b6c8-a1e1-4c9b-8f2a-000000000003,2026-08-15T03:46:58,1.668,1.593,1.647,1,1,1
51d4b6c8-a1e1-4c9b-8f2a-000000000003,2026-08-15T06:54:30,1.68,1.605,1.663,1,1,1
51d4b6c8-a1e1-4c9b-8f2a-000000000003,2026-08-15T08:56:58,1.684,1.609,1.667,1,1,1
51d4b6c8-a1e1-4c9b-8f2a-000000000003,2026-08-15T11:30:26,1.675,1.6,1.656,1,1,1
51d4b6c8-a1e1-4c9b-8f2a-000000000003,2026-08-15T14:01:58,1.653,1.578,1.638,1,1,1
51d4b6c8-a1e1-4c9b-8f2a-000000000003,2026-08-15T17:47:01,1.629,1.554,1.613,1,1,1
51d4b6c8-a1e1-4c9b-8f2a-000000000003,2026-08-15T21:06:47,1.614,1.539,1.594,1,1,1
51d4b6c8-a1e1-4c9b-8f2a-000000000003,2026-08-16T00:41:35,1.625,1.55,1.607,1,1,1
51d4b6c8-a1e1-4c9b-8f2a-000000000003,2026-08-16T03:09:27,1.659,1.584,1.64,1,1,1
51d4b6c8-a1e1-4c9b-8f2a-000000000003,2026-08-16T06:44:01,1.676,1.601,1.652,1,1,1
51d4b6c8-a1e1-4c9b-8f2a-000000000003,2026-08-16T08:45:05,1.682,1.607,1.666,1,1,1
51d4b6c8-a1e1-4c9b-8f2a-000000000003,2026-08-16T11:07:43,1.668,1.593,1.649,1,1,1
51d4b6c8-a1e1-4c9b-8f2a-000000000003,2026-08-16T13:54:16,1.649,1.574,1.63,1,1,1
51d4b6c8-a1e1-4c9b-8f2a-000000000003,2026-08-16T16:55:27,1.631,1.556,1.613,1,1,1
51d4b6c8-a1e1-4c9b-8f2a-000000000003,2026-08-16T20:53:56,1.606,1.531,1.588,1,1,1
51d4b6c8-a1e1-4c9b-8f2a-000000000003,2026-08-16T23:20:59,1.62,1.545,1.601,1,1,1
51d4b6c8-a1e1-4c9b-8f2a-000000000003,2026-08-17T03:05:27,1.636,1.561,1.618,1,1,1
51d4b6c8-a1e1-4c9b-8f2a-000000000003,2026-08-17T06:18:14,1.657,1.582,1.635,1,1,1
51d4b6c8-a1e1-4c9b-8f2a-000000000003,2026-08-17T09:32:01,1.654,1.579,1.634,1,1,1
51d4b6c8-a1e1-4c9b-8f2a-000000000003,2026-08-17T12:43:54,1.644,1.569,1.621,1,1,1
51d4b6c8-a1e1-4c9b-8f2a-000000000003,2026-08-17T14:47:36,1.628,1.553,1.611,1,1,1
51d4b6c8-a1e1-4c9b-8f2a-000000000003,2026-08-17T17:31:57,1.598,1.523,1.58,1,1,1
51d4b6c8-a1e1-4c9b-8f2a-000000000003,2026-08-17T21:22:00,1.6,1.525,1.577,1,1,1
51d4b6c8-a1e1-4c9b-8f2a-000000000003,2026-08-18T00:23:22,1.606,1.531,1.583,1,1,1
51d4b6c8-a1e1-4c9b-8f2a-000000000003,2026-08-18T03:46:48,1.629,1.554,1.606,1,1,1
51d4b6c8-a1e1-4c9b-8f2a-000000000003,2026-08-18T05:57:43,1.643,1.568,1.627,1,1,1
51d4b6c8-a1e1-4c9b-8f2a-000000000003,2026-08-18T09:13:29,1.658,1.583,1.637,1,1,1
51d4b6c8-a1e1-4c9b-8f2a-000000000003,2026-08-18T11:51:03,1.653,1.578,1.631,1,1,1
51d4b6c8-a1e1-4c9b-8f2a-000000000003,2026-08-18T14:32:52,1.63,1.555,1.608,1,1,1
51d4b6c8-a1e1-4c9b-8f2a-000000000003,2026-08-18T17:23:44,1.6,1.525,1.574,1,1,1
51d4b6c8-a1e1-4c9b-8f2a-000000000003,2026-08-18T19:40:27,1.587,1.512,1.564,1,1,1
51d4b6c8-a1e1-4c9b-8f2a-000000000003,2026-08-18T22:18:59,1.594,1.519,1.573,1,1,1
51d4b6c8-a1e1-4c9b-8f2a-000000000003,2026-08-19T01:45:56,1.614,1.539,1.595,1,1,1
51d4b6c8-a1e1-4c9b-8f2a-000000000003,2026-08-19T04:07:54,1.637,1.562,1.617,1,1,1
51d4b6c8-a1e1-4c9b-8f2a-000000000003,2026-08-19T07:06:02,1.661,1.586,1.643,1,1,1
51d4b6c8-a1e1-4c9b-8f2a-000000000003,2026-08-19T09:36:20,1.663,1.588,1.635,1,1,1
51d4b6c8-a1e1-4c9b-8f2a-000000000003,2026-08-19T11:36:43,1.66,1.585,1.631,1,1,1
51d4b6c8-a1e1-4c9b-8f2a-000000000003,2026-08-19T14:46:45,1.626,1.551,1.605,1,1,1
51d4b6c8-a1e1-4c9b-8f2a-000000000003,2026-08-19T16:52:52,1.61,1.535,1.587,1,1,1
51d4b6c8-a1e1-4c9b-8f2a-000000000003,2026-08-19T19:07:12,1.584,1.509,1.568,1,1,1
51d4b6c8-a1e1-4c9b-8f2a-000000000003,2026-08-19T21:13:45,1.587,1.512,1.567,1,1,1
51d4b6c8-a1e1-4c9b-8f2a-000000000003,2026-08-20T01:04:50,1.629,1.554,1.615,1,1,1
51d4b6c8-a1e1-4c9b-8f2a-000000000003,2026-08-20T04:12:49,1.656,1.581,1.636,1,1,1
51d4b6c8-a1e1-4c9b-8f2a-000000000003,2026-08-20T06:40:29,1.668,1.593,1.647,1,1,1
51d4b6c8-a1e1-4c9b-8f2a-000000000003,2026-08-20T09:46:48,1.674,1.599,1.653,1,1,1
51d4b6c8-a1e1-4c9b-8f2a-000000000003,2026-08-20T13:23:29,1.654,1.579,1.638,1,1,1
51d4b6c8-a1e1-4c9b-8f2a-000000000003,2026-08-20T17:18:01,1.626,1.551,1.605,1,1,1
51d4b6c8-a1e1-4c9b-8f2a-000000000003,2026-08-20T19:29:30,1.617,1.542,1.6,1,1,1
51d4b6c8-a1e1-4c9b-8f2a-000000000003,2026-08-20T21:49:23,1.619,1.544,1.599,1,1,1
51d4b6c8-a1e1-4c9b-8f2a-000000000003,2026-08-21T00:58:56,1.645,1.57,1.626,1,1,1
51d4b6c8-a1e1-4c9b-8f2a-000000000003,2026-08-21T03:10:59,1.68,1.605,1.66,1,1,1
51d4b6c8-a1e1-4c9b-8f2a-000000000003,2026-08-21T06:24:47,1.693,1.618,1.672,1,1,1
51d4b6c8-a1e1-4c9b-8f2a-000000000003,2026-08-21T10:10:36,1.692,1.617,1.67,1,1,1
51d4b6c8-a1e1-4c9b-8f2a-000000000003,2026-08-21T13:24:29,1.67,1.595,1.648,1,1,1
51d4b6c8-a1e1-4c9b-8f2a-000000000003,2026-08-21T16:48:54,1.639,1.564,1.62,1,1,1
51d4b6c8-a1e1-4c9b-8f2a-000000000003,2026-08-21T19:26:36,1.625,1.55,1.608,1,1,1
51d4b6c8-a1e1-4c9b-8f2a-000000000003,2026-08-21T21:54:18,1.62,1.545,1.602,1,1,1
51d4b6c8-a1e1-4c9b-8f2a-000000000003,2026-08-22T01:18:01,1.655,1.58,1.632,1,1,1
51d4b6c8-a1e1-4c9b-8f2a-000000000003,2026-08-22T03:59:26,1.673,1.598,1.654,1,1,1
51d4b6c8-a1e1-4c9b-8f2a-000000000003,2026-08-22T06:30:02,1.681,1.606,1.669,1,1,1
51d4b6c8-a1e1-4c9b-8f2a-000000000003,2026-08-22T09:27:27,1.703,1.628,1.679,1,1,1
51d4b6c8-a1e1-4c9b-8f2a-000000000003,2026-08-22T13:08:58,1.664,1.589,1.648,1,1,1
51d4b6c8-a1e1-4c9b-8f2a-000000000003,2026-08-22T15:19:45,1.651,1.576,1.632,1,1,1
51d4b6c8-a1e1-4c9b-8f2a-000000000003,2026-08-22T19:11:36,1.625,1.55,1.611,1,1,1
51d4b6c8-a1e1-4c9b-8f2a-000000000003,2026-08-22T21:45:01,1.627,1.552,1.605,1,1,1
51d4b6c8-a1e1-4c9b-8f2a-000000000003,2026-08-22T23:56:05,1.633,1.558,1.609,1,1,1
51d4b6c8-a1e1-4c9b-8f2a-000000000003,2026-08-23T03:50:33,1.675,1.6,1.661,1,1,1
51d4b6c8-a1e1-4c9b-8f2a-000000000003,2026-08-23T06:18:54,1.697,1.622,1.681,1,1,1
51d4b6c8-a1e1-4c9b-8f2a-000000000003,2026-08-23T08:26:59,1.708,1.633,1.69,1,1,1
51d4b6c8-a1e1-4c9b-8f2a-000000000003,2026-08-23T11:58:17,1.7,1.625,1.686,1,1,1
51d4b6c8-a1e1-4c9b-8f2a-000000000003,2026-08-23T14:27:46,1.676,1.601,1.655,1,1,1
51d4b6c8-a1e1-4c9b-8f2a-000000000003,2026-08-23T17:28:19,1.651,1.576,1.632,1,1,1
51d4b6c8-a1e1-4c9b-8f2a-000000000003,2026-08-23T19:47:01,1.651,1.576,1.628,0,0,1
51d4b6c8-a1e1-4c9b-8f2a-000000000003,2026-08-23T22:16:31,1.65,1.575,1.631,1,1,1
51d4b6c8-a1e1-4c9b-8f2a-000000000003,2026-08-24T01:33:20,1.654,1.579,1.637,1,1,1
51d4b6c8-a1e1-4c9b-8f2a-000000000003,2026-08-24T05:09:11,1.685,1.61,1.668,1,1,1
51d4b6c8-a1e1-4c9b-8f2a-000000000003,2026-08-24T07:57:39,1.69,1.615,1.668,1,1,0
51d4b6c8-a1e1-4c9b-8f2a-000000000003,2026-08-24T11:23:52,1.686,1.611,1.662,1,1,1
51d4b6c8-a1e1-4c9b-8f2a-000000000003,2026-08-24T14:12:47,1.658,1.583,1.639,1,1,1
51d4b6c8-a1e1-4c9b-8f2a-000000000003,2026-08-24T16:56:53,1.64,1.565,1.618,1,1,1
51d4b6c8-a1e1-4c9b-8f2a-000000000003,2026-08-24T19:42:00,1.628,1.553,1.611,1,1,1
51d4b6c8-a1e1-4c9b-8f2a-000000000003,2026-08-24T22:58:37,1.634,1.559,1.61,1,1,0
51d4b6c8-a1e1-4c9b-8f2a-000000000003,2026-08-25T02:28:31,1.641,1.566,1.623,1,1,1
51d4b6c8-a1e1-4c9b-8f2a-000000000003,2026-08-25T05:21:12,1.664,1.589,1.645,1,1,1
51d4b6c8-a1e1-4c9b-8f2a-000000000003,2026-08-25T09:07:05,1.676,1.601,1.662,1,1,1
51d4b6c8-a1e1-4c9b-8f2a-000000000003,2026-08-25T12:57:49,1.661,1.586,1.642,1,1,1
51d4b6c8-a1e1-4c9b-8f2a-000000000003,2026-08-25T15:44:12,1.625,1.55,1.603,1,1,1
51d4b6c8-a1e1-4c9b-8f2a-000000000003,2026-08-25T18:41:27,1.613,1.538,1.59,1,1,1
51d4b6c8-a1e1-4c9b-8f2a-000000000003,2026-08-25T21:23:45,1.617,1.542,1.599,1,1,1
51d4b6c8-a1e1-4c9b-8f2a-000000000003,2026-08-26T00:49:05,1.625,1.55,1.605,1,1,1
51d4b6c8-a1e1-4c9b-8f2a-000000000003,2026-08-26T03:51:37,1.652,1.577,1.628,1,1,1
51d4b6c8-a1e1-4c9b-8f2a-000000000003,2026-08-26T06:25:48,1.672,1.597,1.651,1,1,1
51d4b6c8-a1e1-4c9b-8f2a-000000000003,2026-08-26T09:18:25,1.673,1.598,1.654,1,1,1
51d4b6c8-a1e1-4c9b-8f2a-000000000003,2026-08-26T12:26:23,1.662,1.587,1.64,1,1,1
51d4b6c8-a1e1-4c9b-8f2a-000000000003,2026-08-26T15:11:44,1.621,1.546,1.601,1,1,1
51d4b6c8-a1e1-4c9b-8f2a-000000000003,2026-08-26T19:01:32,1.598,1.523,1.58,1,1,1
51d4b6c8-a1e1-4c9b-8f2a-000000000003,2026-08-26T21:06:33,1.609,1.534,1.586,1,1,1
51d4b6c8-a1e1-4c9b-8f2a-000000000003,2026-08-27T00:45:40,1.619,1.544,1.599,1,1,1
51d4b6c8-a1e1-4c9b-8f2a-000000000003,2026-08-27T04:35:36,1.658,1.583,1.638,1,1,1
51d4b6c8-a1e1-4c9b-8f2a-000000000003,2026-08-27T06:43:32,1.683,1.608,1.662,1,1,1
51d4b6c8-a1e1-4c9b-8f2a-000000000003,2026-08-27T09:42:45,1.682,1.607,1.656,1,1,1
51d4b6c8-a1e1-4c9b-8f2a-000000000003,2026-08-27T13:24:49,1.65,1.575,1.634,1,1,1
51d4b6c8-a1e1-4c9b-8f2a-000000000003,2026-08-27T17:11:31,1.614,1.539,1.59,1,1,1
51d4b6c8-a1e1-4c9b-8f2a-000000000003,2026-08-27T20:51:45,1.604,1.529,1.579,1,1,1
51d4b6c8-a1e1-4c9b-8f2a-000000000003,2026-08-28T00:25:09,1.643,1.568,1.622,1,1,1
51d4b6c8-a1e1-4c9b-8f2a-000000000003,2026-08-28T03:01:13,1.67,1.595,1.65,1,1,1
51d4b6c8-a1e1-4c9b-8f2a-000000000003,2026-08-28T06:12:13,1.687,1.612,1.662,1,1,1
51d4b6c8-a1e1-4c9b-8f2a-000000000003,2026-08-28T08:38:30,1.691,1.616,1.671,1,1,1
51d4b6c8-a1e1-4c9b-8f2a-000000000003,2026-08-28T10:50:20,1.685,1.61,1.663,1,1,1
51d4b6c8-a1e1-4c9b-8f2a-000000000003,2026-08-28T13:00:04,1.657,1.582,1.638,1,1,1
51d4b6c8-a1e1-4c9b-8f2a-000000000003,2026-08-28T15:08:01,1.654,1.579,1.634,1,1,1
51d4b6c8-a1e1-4c9b-8f2a-000000000003,2026-08-28T18:04:48,1.625,1.55,1.605,1,1,1
51d4b6c8-a1e1-4c9b-8f2a-000000000003,2026-08-28T20:33:05,1.618,1.543,1.595,1,1,1
51d4b6c8-a1e1-4c9b-8f2a-000000000003,2026-08-29T00:15:01,1.642,1.567,1.621,1,1,1
51d4b6c8-a1e1-4c9b-8f2a-000000000003,2026-08-29T02:34:07,1.664,1.589,1.648,1,1,1
51d4b6c8-a1e1-4c9b-8f2a-000000000003,2026-08-29T04:35:09,1.678,1.603,1.658,1,1,1
51d4b6c8-a1e1-4c9b-8f2a-000000000003,2026-08-29T08:31:33,1.693,1.618,1.675,1,1,1
51d4b6c8-a1e1-4c9b-8f2a-000000000003,2026-08-29T10:47:34,1.69,1.615,1.673,1,1,1
51d4b6c8-a1e1-4c9b-8f2a-000000000003,2026-08-29T14:26:47,1.666,1.591,1.648,1,1,1
51d4b6c8-a1e1-4c9b-8f2a-000000000003,2026-08-29T16:31:27,1.648,1.573,1.628,1,1,1
51d4b6c8-a1e1-4c9b-8f2a-000000000003,2026-08-29T20:10:01,1.628,1.553,1.609,1,1,1
51d4b6c8-a1e1-4c9b-8f2a-000000000003,2026-08-29T23:21:14,1.628,1.553,1.607,0,0,1
51d4b6c8-a1e1-4c9b-8f2a-000000000003,2026-08-30T01:55:22,1.66,1.585,1.637,1,1,1
51d4b6c8-a1e1-4c9b-8f2a-000000000003,2026-08-30T04:06:54,1.681,1.606,1.66,1,1,1
51d4b6c8-a1e1-4c9b-8f2a-000000000003,2026-08-30T07:49:09,1.69,1.615,1.668,1,1,1
51d4b6c8-a1e1-4c9b-8f2a-000000000003,2026-08-30T10:24:24,1.688,1.613,1.672,1,1,1
51d4b6c8-a1e1-4c9b-8f2a-000000000003,2026-08-30T12:52:37,1.683,1.608,1.663,1,1,1
51d4b6c8-a1e1-4c9b-8f2a-000000000003,2026-08-30T15:11:14,1.657,1.582,1.636,1,1,1
51d4b6c8-a1e1-4c9b-8f2a-000000000003,2026-08-30T17:24:09,1.642,1.567,1.623,1,1,1
51d4b6c8-a1e1-4c9b-8f2a-000000000003,2026-08-30T20:33:40,1.625,1.55,1.606,1,1,1
51d4b6c8-a1e1-4c9b-8f2a-000000000003,2026-08-30T23:50:59,1.639,1.564,1.621,1,1,1
51d4b6c8-a1e1-4c9b-8f2a-000000000003,2026-08-31T02:47:46,1.653,1.578,1.635,1,1,1
51d4b6c8-a1e1-4c9b-8f2a-000000000003,2026-08-31T04:55:42,1.675,1.6,1.657,1,1,1
51d4b6c8-a1e1-4c9b-8f2a-000000000003,2026-08-31T08:14:42,1.693,1.618,1.671,1,1,1
51d4b6c8-a1e1-4c9b-8f2a-000000000003,2026-08-31T10:30:39,1.696,1.621,1.673,1,1,1
51d4b6c8-a1e1-4c9b-8f2a-000000000003,2026-08-31T13:38:38,1.677,1.602,1.657,1,1,1
51d4b6c8-a1e1-4c9b-8f2a-000000000003,2026-08-31T17:33:09,1.636,1.561,1.62,1,1,1
51d4b6c8-a1e1-4c9b-8f2a-000000000003,2026-08-31T20:01:57,1.636,1.561,1.614,0,0,1
51d4b6c8-a1e1-4c9b-8f2a-000000000003,2026-08-31T23:28:27,1.637,1.562,1.616,1,1,1
51d4b6c8-a1e1-4c9b-8f2a-000000000003,2026-09-01T02:13:13,1.703,1.628,1.683,1,1,1
51d4b6c8-a1e1-4c9b-8f2a-000000000003,2026-09-01T04:30:57,1.709,1.634,1.688,1,1,1
51d4b6c8-a1e1-4c9b-8f2a-000000000003,2026-09-01T07:34:24,1.737,1.662,1.716,1,1,1
51d4b6c8-a1e1-4c9b-8f2a-000000000003,2026-09-01T11:06:46,1.724,1.649,1.702,1,1,1
51d4b6c8-a1e1-4c9b-8f2a-000000000003,2026-09-01T15:06:23,1.69,1.615,1.671,1,1,1
51d4b6c8-a1e1-4c9b-8f2a-000000000003,2026-09-01T18:17:06,1.67,1.595,1.647,1,1,1
51d4b6c8-a1e1-4c9b-8f2a-000000000003,2026-09-01T22:03:13,1.678,1.603,1.656,1,1,1
51d4b6c8-a1e1-4c9b-8f2a-000000000003,2026-09-02T00:29:58,1.69,1.615,1.672,1,1,1
51d4b6c8-a1e1-4c9b-8f2a-000000000003,2026-09-02T03:39:31,1.708,1.633,1.688,1,1,1
51d4b6c8-a1e1-4c9b-8f2a-000000000003,2026-09-02T06:06:08,1.656,1.581,1.637,1,1,1
51d4b6c8-a1e1-4c9b-8f2a-000000000003,2026-09-02T09:43:52,1.656,1.581,1.638,0,0,0
51d4b6c8-a1e1-4c9b-8f2a-000000000003,2026-09-02T13:38:10,1.631,1.556,1.61,1,1,1
51d4b6c8-a1e1-4c9b-8f2a-000000000003,2026-09-02T17:36:50,1.6,1.525,1.578,1,1,1
51d4b6c8-a1e1-4c9b-8f2a-000000000003,2026-09-02T19:50:44,1.606,1.531,1.584,1,1,1
51d4b6c8-a1e1-4c9b-8f2a-000000000003,2026-09-02T22:14:46,1.605,1.53,1.587,1,0,1
51d4b6c8-a1e1-4c9b-8f2a-000000000003,2026-09-03T02:08:22,1.64,1.565,1.619,1,1,1
51d4b6c8-a1e1-4c9b-8f2a-000000000003,2026-09-03T05:28:59,1.67,1.595,1.649,1,1,1
51d4b6c8-a1e1-4c9b-8f2a-000000000003,2026-09-03T07:48:39,1.687,1.612,1.663,1,1,1
51d4b6c8-a1e1-4c9b-8f2a-000000000003,2026-09-03T09:56:53,1.686,1.611,1.662,1,1,1
51d4b6c8-a1e1-4c9b-8f2a-000000000003,2026-09-03T11:57:17,1.679,1.604,1.666,1,1,1
51d4b6c8-a1e1-4c9b-8f2a-000000000003,2026-09-03T14:10:53,1.65,1.575,1.633,1,1,1
51d4b6c8-a1e1-4c9b-8f2a-000000000003,2026-09-03T17:44:26,1.619,1.544,1.599,1,1,1
51d4b6c8-a1e1-4c9b-8f2a-000000000003,2026-09-03T21:19:06,1.609,1.534,1.59,1,1,1
51d4b6c8-a1e1-4c9b-8f2a-000000000003,2026-09-04T01:12:30,1.638,1.563,1.623,1,1,1
51d4b6c8-a1e1-4c9b-8f2a-000000000003,2026-09-04T05:11:33,1.677,1.602,1.66,1,1,1
51d4b6c8-a1e1-4c9b-8f2a-000000000003,2026-09-04T08:34:18,1.704,1.629,1.682,1,1,1
51d4b6c8-a1e1-4c9b-8f2a-000000000003,2026-09-04T11:21:01,1.688,1.613,1.67,1,1,1
51d4b6c8-a1e1-4c9b-8f2a-000000000003,2026-09-04T14:58:26,1.662,1.587,1.643,1,1,1
51d4b6c8-a1e1-4c9b-8f2a-000000000003,2026-09-04T17:06:27,1.632,1.557,1.616,1,1,1
51d4b6c8-a1e1-4c9b-8f2a-000000000003,2026-09-04T20:56:00,1.617,1.542,1.595,1,1,1
51d4b6c8-a1e1-4c9b-8f2a-000000000003,2026-09-04T23:01:02,1.629,1.554,1.609,1,1,1
51d4b6c8-a1e1-4c9b-8f2a-000000000003,2026-09-05T02:59:33,1.658,1.583,1.642,1,1,1
51d4b6c8-a1e1-4c9b-8f2a-000000000003,2026-09-05T06:43:00,1.688,1.613,1.664,1,1,1
51d4b6c8-a1e1-4c9b-8f2a-000000000003,2026-09-05T09:50:22,1.691,1.616,1.676,1,1,1
51d4b6c8-a1e1-4c9b-8f2a-000000000003,2026-09-05T12:31:15,1.68,1.605,1.662,1,1,1
51d4b6c8-a1e1-4c9b-8f2a-000000000003,2026-09-05T15:09:18,1.651,1.576,1.632,1,1,1
51d4b6c8-a1e1-4c9b-8f2a-000000000003,2026-09-05T17:45:20,1.63,1.555,1.612,1,1,1
51d4b6c8-a1e1-4c9b-8f2a-000000000003,2026-09-05T20:30:52,1.622,1.547,1.606,1,1,1
51d4b6c8-a1e1-4c9b-8f2a-000000000003,2026-09-05T22:39:53,1.625,1.55,1.606,1,1,0
51d4b6c8-a1e1-4c9b-8f2a-000000000003,2026-09-06T02:37:38,1.662,1.587,1.646,1,1,1
51d4b6c8-a1e1-4c9b-8f2a-000000000003,2026-09-06T06:19:50,1.688,1.613,1.669,1,1,1
51d4b6c8-a1e1-4c9b-8f2a-000000000003,2026-09-06T08:59:53,1.69,1.615,1.67,1,1,0
51d4b6c8-a1e1-4c9b-8f2a-000000000003,2026-09-06T11:33:04,1.675,1.6,1.654,1,1,1
51d4b6c8-a1e1-4c9b-8f2a-000000000003,2026-09-06T15:16:10,1.642,1.567,1.621,1,1,1
51d4b6c8-a1e1-4c9b-8f2a-000000000003,2026-09-06T18:22:27,1.629,1.554,1.606,1,1,1
51d4b6c8-a1e1-4c9b-8f2a-000000000003,2026-09-06T20:27:21,1.619,1.544,1.599,1,1,1
51d4b6c8-a1e1-4c9b-8f2a-000000000003,2026-09-06T22:35:36,1.625,1.55,1.604,1,1,1
51d4b6c8-a1e1-4c9b-8f2a-000000000003,2026-09-07T01:32:50,1.633,1.558,1.613,1,1,1
51d4b6c8-a1e1-4c9b-8f2a-000000000003,2026-09-07T04:40:11,1.664,1.589,1.645,1,1,1
51d4b6c8-a1e1-4c9b-8f2a-000000000003,2026-09-07T07:58:00,1.671,1.596,1.653,1,1,1
51d4b6c8-a1e1-4c9b-8f2a-000000000003,2026-09-07T11:22:58,1.673,1.598,1.651,1,1,1
51d4b6c8-a1e1-4c9b-8f2a-000000000003,2026-09-07T14:24:08,1.641,1.566,1.62,1,1,1
51d4b6c8-a1e1-4c9b-8f2a-000000000003,2026-09-07T17:57:17,1.619,1.544,1.599,1,1,1
51d4b6c8-a1e1-4c9b-8f2a-000000000003,2026-09-07T20:22:36,1.607,1.532,1.585,1,1,1
51d4b6c8-a1e1-4c9b-8f2a-000000000003,2026-09-07T23:33:30,1.621,1.546,1.603,1,1,1
51d4b6c8-a1e1-4c9b-8f2a-000000000003,2026-09-08T03:16:14,1.645,1.57,1.617,1,1,1
51d4b6c8-a1e1-4c9b-8f2a-000000000003,2026-09-08T06:04:54,1.663,1.588,1.645,1,1,1
51d4b6c8-a1e1-4c9b-8f2a-000000000003,2026-09-08T08:27:02,1.666,1.591,1.646,1,1,0
51d4b6c8-a1e1-4c9b-8f2a-000000000003,2026-09-08T12:26:48,1.65,1.575,1.625,1,1,1
51d4b6c8-a1e1-4c9b-8f2a-000000000003,2026-09-08T14:42:46,1.644,1.569,1.621,1,1,1
51d4b6c8-a1e1-4c9b-8f2a-000000000003,2026-09-08T18:22:21,1.603,1.528,1.584,1,1,1
51d4b6c8-a1e1-4c9b-8f2a-000000000003,2026-09-08T20:39:41,1.588,1.513,1.567,1,1,1
51d4b6c8-a1e1-4c9b-8f2a-000000000003,2026-09-08T23:58:49,1.605,1.53,1.586,1,1,1
51d4b6c8-a1e1-4c9b-8f2a-000000000003,2026-09-09T03:15:02,1.644,1.569,1.626,1,1,1
51d4b6c8-a1e1-4c9b-8f2a-000000000003,2026-09-09T06:13:49,1.656,1.581,1.636,1,1,1
51d4b6c8-a1e1-4c9b-8f2a-000000000003,2026-09-09T09:05:49,1.67,1.595,1.65,1,1,1
51d4b6c8-a1e1-4c9b-8f2a-000000000003,2026-09-09T11:30:17,1.651,1.576,1.634,1,1,1
51d4b6c8-a1e1-4c9b-8f2a-000000000003,2026-09-09T13:51:31,1.632,1.557,1.615,1,1,1
51d4b6c8-a1e1-4c9b-8f2a-000000000003,2026-09-09T16:27:54,1.614,1.539,1.599,1,1,1
51d4b6c8-a1e1-4c9b-8f2a-000000000003,2026-09-09T20:08:39,1.595,1.52,1.574,1,1,1
51d4b6c8-a1e1-4c9b-8f2a-000000000003,2026-09-09T23:42:22,1.598,1.523,1.583,1,1,1
51d4b6c8-a1e1-4c9b-8f2a-000000000003,2026-09-10T02:48:34,1.636,1.561,1.615,1,1,1
51d4b6c8-a1e1-4c9b-8f2a-000000000003,2026-09-10T05:00:26,1.661,1.586,1.641,1,1,1
51d4b6c8-a1e1-4c9b-8f2a-000000000003,2026-09-10T07:48:53,1.683,1.608,1.665,1,1,1
51d4b6c8-a1e1-4c9b-8f2a-000000000003,2026-09-10T10:18:12,1.682,1.607,1.659,1,1,1
51d4b6c8-a1e1-4c9b-8f2a-000000000003,2026-09-10T13:27:07,1.654,1.579,1.634,1,1,1
51d4b6c8-a1e1-4c9b-8f2a-000000000003,2026-09-10T17:22:09,1.623,1.548,1.599,1,1,1
51d4b6c8-a1e1-4c9b-8f2a-000000000003,2026-09-10T20:30:19,1.616,1.541,1.594,1,1,1
